site_id,health,evidence,detail
education-govt-nz-search,blocked,probe counted=0,차단 신호(403/429/CF challenge 등) — 사이트가 봇 차단 중
justice-govt-nz-publications,blocked,probe counted=0,차단 신호(403/429/CF challenge 등) — 사이트가 봇 차단 중
mpi-govt-nz-resources-and-forms,blocked,probe counted=0,차단 신호(403/429/CF challenge 등) — 사이트가 봇 차단 중
nkvts-no-english,blocked,probe counted=0,차단 신호(403/429/CF challenge 등) — 사이트가 봇 차단 중
phfscience-nz-digital-library,blocked,probe counted=0,차단 신호(403/429/CF challenge 등) — 사이트가 봇 차단 중
pmc-gov-au-resources,blocked,probe counted=0,차단 신호(403/429/CF challenge 등) — 사이트가 봇 차단 중
stats-govt-nz-publications,blocked,probe counted=0,차단 신호(403/429/CF challenge 등) — 사이트가 봇 차단 중
transparency-gov-au-publications,blocked,probe counted=0,차단 신호(403/429/CF challenge 등) — 사이트가 봇 차단 중
dapa-go-kr-dapa,blocked_or_dead,probe counted=0,수리 시도했으나 인프라 차단/폐쇄 (CRAWLER_REPAIR_20260805.md)
data-gov-be-nl,blocked_or_dead,probe counted=0,수리 시도했으나 인프라 차단/폐쇄 (CRAWLER_REPAIR_20260805.md)
doc-cerema-fr-default,blocked_or_dead,probe counted=0,수리 시도했으나 인프라 차단/폐쇄 (CRAWLER_REPAIR_20260805.md)
en-iwhr-cn-iwhr-english-new,blocked_or_dead,probe counted=0,수리 시도했으나 인프라 차단/폐쇄 (CRAWLER_REPAIR_20260805.md)
gsi-ie-en-ie,blocked_or_dead,probe counted=0,수리 시도했으나 인프라 차단/폐쇄 (CRAWLER_REPAIR_20260805.md)
info-daegu-go-kr-newshome,blocked_or_dead,probe counted=0,수리 시도했으나 인프라 차단/폐쇄 (CRAWLER_REPAIR_20260805.md)
iwhr-com-zgskywwnew,blocked_or_dead,probe counted=0,수리 시도했으나 인프라 차단/폐쇄 (CRAWLER_REPAIR_20260805.md)
jeonnam-go-kr-m7116,blocked_or_dead,probe counted=0,수리 시도했으나 인프라 차단/폐쇄 (CRAWLER_REPAIR_20260805.md)
minfin-gov-gr-grafeio-typou,blocked_or_dead,probe counted=0,수리 시도했으나 인프라 차단/폐쇄 (CRAWLER_REPAIR_20260805.md)
minscfa-gov-gr-grafeio-typou,blocked_or_dead,probe counted=0,수리 시도했으나 인프라 차단/폐쇄 (CRAWLER_REPAIR_20260805.md)
nidcd-nih-gov-news,blocked_or_dead,probe counted=0,수리 시도했으나 인프라 차단/폐쇄 (CRAWLER_REPAIR_20260805.md)
nih-gov-news-events,blocked_or_dead,probe counted=0,수리 시도했으나 인프라 차단/폐쇄 (CRAWLER_REPAIR_20260805.md)
nih-gov-press-room,blocked_or_dead,probe counted=0,수리 시도했으나 인프라 차단/폐쇄 (CRAWLER_REPAIR_20260805.md)
om-mp-be-nl,blocked_or_dead,probe counted=0,수리 시도했으나 인프라 차단/폐쇄 (CRAWLER_REPAIR_20260805.md)
opendatacommunities-org-data,blocked_or_dead,probe counted=0,수리 시도했으나 인프라 차단/폐쇄 (CRAWLER_REPAIR_20260805.md)
regjeringen-no-en,blocked_or_dead,probe counted=0,수리 시도했으나 인프라 차단/폐쇄 (CRAWLER_REPAIR_20260805.md)
ypergasias-gov-gr-category,blocked_or_dead,probe counted=0,수리 시도했으나 인프라 차단/폐쇄 (CRAWLER_REPAIR_20260805.md)
chineseafs-org-ckynewsmgr,net_fail,probe counted=0,네트워크/접속 실패(타임아웃·SSL·연결거부)
mnd-go-kr-user,net_fail,probe counted=0,네트워크/접속 실패(타임아웃·SSL·연결거부)
olympias-lib-uoi-gr-jspui,net_fail,probe counted=0,네트워크/접속 실패(타임아웃·SSL·연결거부)
repositorio-uchile-cl-discover,net_fail,probe counted=0,네트워크/접속 실패(타임아웃·SSL·연결거부)
datos-gob-mx-agricultura,no_crawler,-,"크롤러 미제작(D, datos-gob-mx 계열 등)"
datos-gob-mx-cultura,no_crawler,-,"크롤러 미제작(D, datos-gob-mx 계열 등)"
datos-gob-mx-presupuesto,no_crawler,-,"크롤러 미제작(D, datos-gob-mx 계열 등)"
datos-gob-mx-secretaria-salud,no_crawler,-,"크롤러 미제작(D, datos-gob-mx 계열 등)"
datos-gob-mx-secretaria-trabajo,no_crawler,-,"크롤러 미제작(D, datos-gob-mx 계열 등)"
datos-gob-mx-seguridad,no_crawler,-,"크롤러 미제작(D, datos-gob-mx 계열 등)"
datos-gob-mx-territorio,no_crawler,-,"크롤러 미제작(D, datos-gob-mx 계열 등)"
datos-gob-mx-turismo,no_crawler,-,"크롤러 미제작(D, datos-gob-mx 계열 등)"
gob-mx-agricultura,no_crawler,-,"크롤러 미제작(D, datos-gob-mx 계열 등)"
gob-mx-bienestar,no_crawler,-,"크롤러 미제작(D, datos-gob-mx 계열 등)"
gob-mx-buengobierno,no_crawler,-,"크롤러 미제작(D, datos-gob-mx 계열 등)"
gob-mx-defensa,no_crawler,-,"크롤러 미제작(D, datos-gob-mx 계열 등)"
gob-mx-mujeres,no_crawler,-,"크롤러 미제작(D, datos-gob-mx 계열 등)"
gob-mx-salud,no_crawler,-,"크롤러 미제작(D, datos-gob-mx 계열 등)"
gob-mx-se,no_crawler,-,"크롤러 미제작(D, datos-gob-mx 계열 등)"
gob-mx-sectur,no_crawler,-,"크롤러 미제작(D, datos-gob-mx 계열 등)"
gob-mx-sedatu,no_crawler,-,"크롤러 미제작(D, datos-gob-mx 계열 등)"
gob-mx-segob,no_crawler,-,"크롤러 미제작(D, datos-gob-mx 계열 등)"
gob-mx-semar,no_crawler,-,"크롤러 미제작(D, datos-gob-mx 계열 등)"
gob-mx-semarnat,no_crawler,-,"크롤러 미제작(D, datos-gob-mx 계열 등)"
gob-mx-sep,no_crawler,-,"크롤러 미제작(D, datos-gob-mx 계열 등)"
gob-mx-shcp,no_crawler,-,"크롤러 미제작(D, datos-gob-mx 계열 등)"
gob-mx-sict,no_crawler,-,"크롤러 미제작(D, datos-gob-mx 계열 등)"
gob-mx-sre,no_crawler,-,"크롤러 미제작(D, datos-gob-mx 계열 등)"
gob-mx-sspc,no_crawler,-,"크롤러 미제작(D, datos-gob-mx 계열 등)"
gob-mx-stps,no_crawler,-,"크롤러 미제작(D, datos-gob-mx 계열 등)"
accc-gov-au-about-us,ok,probe counted=3,지금 fetch+파싱 정상
accc-gov-au-search,ok,sweep_2026-08-04 counted>=3,전수측정에서 실수집 확인
acma-gov-au-publications,ok,sweep_2026-08-04 counted>=3,전수측정에서 실수집 확인
acpr-banque-france-fr-fr,ok,sweep_2026-08-04 counted>=3,전수측정에서 실수집 확인
adaptcentre-ie-research,ok,probe counted=3,지금 fetch+파싱 정상
adruk-org-news-publications,ok,sweep_2026-08-04 counted>=3,전수측정에서 실수집 확인
afd-fr-fr,ok,sweep_2026-08-04 counted>=3,전수측정에서 실수집 확인
afp-gov-au-news-centre,ok,sweep_2026-08-04 counted>=3,전수측정에서 실수집 확인
afp-gov-au-search,ok,probe counted=1,지금 fetch+파싱 정상
africamuseum-be-en,ok,sweep_2026-08-04 counted>=3,전수측정에서 실수집 확인
ag-gov-au-publications,ok,sweep_2026-08-04 counted>=3,전수측정에서 실수집 확인
agri-ee-ministeerium-uudised,ok,sweep_2026-08-04 counted>=3,전수측정에서 실수집 확인
agriculture-gouv-fr-recherche-developpem,ok,sweep_2026-08-04 counted>=3,전수측정에서 실수집 확인
alrc-gov-au-publications,ok,sweep_2026-08-04 counted>=3,전수측정에서 실수집 확인
ameslab-gov-news,ok,sweep_2026-08-04 counted>=3,전수측정에서 실수집 확인
amf-france-org-fr,ok,sweep_2026-08-04 counted>=3,전수측정에서 실수집 확인
ami-swiss-en,ok,sweep_2026-08-04 counted>=3,전수측정에서 실수집 확인
amolf-nl-publications,ok,sweep_2026-08-04 counted>=3,전수측정에서 실수집 확인
amu-hal-science-search,ok,probe counted=3,지금 fetch+파싱 정상
anr-hal-science-search,ok,probe counted=3,지금 fetch+파싱 정상
ansto-gov-au-search,ok,sweep_2026-08-04 counted>=3,전수측정에서 실수집 확인
app-mps-gov-cn-gdnps,ok,sweep_2026-08-04 counted>=3,전수측정에서 실수집 확인
apra-gov-au-statistics,ok,repaired_2026-08-05 probe>=1,수리 후 재검증 통과
arcep-fr-actualites,ok,repaired_2026-08-05 probe>=1,수리 후 재검증 통과
archives-nationales-culture-gouv-fr-presse,ok,probe counted=3,지금 fetch+파싱 정상
arcnl-nl-publications,ok,sweep_2026-08-04 counted>=3,전수측정에서 실수집 확인
arcom-fr-presse,ok,probe counted=3,지금 fetch+파싱 정상
arn-se-om-arn,ok,sweep_2026-08-04 counted>=3,전수측정에서 실수집 확인
arrow-tudublin-ie-creaart,ok,probe counted=3,지금 fetch+파싱 정상
artsetmetiers-fr-fr,ok,sweep_2026-08-04 counted>=3,전수측정에서 실수집 확인
artsetmetiers-hal-science-search,ok,probe counted=3,지금 fetch+파싱 정상
asiapacific-ca-media,ok,probe counted=3,지금 fetch+파싱 정상
asn-fr-information,ok,sweep_2026-08-04 counted>=3,전수측정에서 실수집 확인
astron-nl-about,ok,sweep_2026-08-04 counted>=3,전수측정에서 실수집 확인
audencia-com-lecole,ok,sweep_2026-08-04 counted>=3,전수측정에서 실수집 확인
auri-re-kr-boardes,ok,sweep_2026-08-04 counted>=3,전수측정에서 실수집 확인
auri-re-kr-publication,ok,sweep_2026-08-04 counted>=3,전수측정에서 실수집 확인
auswaertiges-amt-de-de,ok,sweep_2026-08-04 counted>=3,전수측정에서 실수집 확인
auswaertiges-amt-de-en,ok,sweep_2026-08-04 counted>=3,전수측정에서 실수집 확인
avoindata-suomi-fi-data,ok,probe counted=3,지금 fetch+파싱 정상
babraham-ac-uk-news,ok,sweep_2026-08-04 counted>=3,전수측정에서 실수집 확인
bam-de-navigation,ok,sweep_2026-08-04 counted>=3,전수측정에서 실수집 확인
bankofcanada-ca-publications,ok,sweep_2026-08-04 counted>=3,전수측정에서 실수집 확인
banque-france-fr-en,ok,sweep_2026-08-04 counted>=3,전수측정에서 실수집 확인
bdap-opendata-rgs-mef-gov-it-catalog,ok,sweep_2026-08-04 counted>=3,전수측정에서 실수집 확인
benthamscience-com-press-release,ok,sweep_2026-08-04 counted>=3,전수측정에서 실수집 확인
bfe-admin-ch-bfe,ok,sweep_2026-08-04 counted>=3,전수측정에서 실수집 확인
bfr-bund-de-en,ok,probe counted=1,지금 fetch+파싱 정상
bfs-admin-ch-bfs,ok,probe counted=3,지금 fetch+파싱 정상
biblio-naturalsciences-be-rbins-publications,ok,sweep_2026-08-04 counted>=3,전수측정에서 실수집 확인
biorbic-com-publications,ok,sweep_2026-08-04 counted>=3,전수측정에서 실수집 확인
bj-admin-ch-bj,ok,repaired_2026-08-05 probe>=1,수리 후 재검증 통과
bjerknes-uib-no-en,ok,probe counted=3,지금 fetch+파싱 정상
bm-dk-soeg,ok,probe counted=3,지금 fetch+파싱 정상
bmas-de-de,ok,sweep_2026-08-04 counted>=3,전수측정에서 실수집 확인
bmbfsfj-bund-de-bmbfsfj,ok,probe counted=3,지금 fetch+파싱 정상
bmds-bund-de-aktuelles,ok,sweep_2026-08-04 counted>=3,전수측정에서 실수집 확인
bmf-gv-at-ministerium,ok,sweep_2026-08-04 counted>=3,전수측정에서 실수집 확인
bmftr-bund-de-siteglobals,ok,sweep_2026-08-04 counted>=3,전수측정에서 실수집 확인
bmi-gv-at-114,ok,sweep_2026-08-04 counted>=3,전수측정에서 실수집 확인
bmimi-gv-at-themen,ok,sweep_2026-08-04 counted>=3,전수측정에서 실수집 확인
bmj-gv-at-ministerium,ok,sweep_2026-08-04 counted>=3,전수측정에서 실수집 확인
bmleh-de-en,ok,sweep_2026-08-04 counted>=3,전수측정에서 실수집 확인
bmleh-de-siteglobals,ok,sweep_2026-08-04 counted>=3,전수측정에서 실수집 확인
bmluk-gv-at-service,ok,sweep_2026-08-04 counted>=3,전수측정에서 실수집 확인
bmlv-gv-at-wissen-forschung,ok,sweep_2026-08-04 counted>=3,전수측정에서 실수집 확인
bmvg-de-en,ok,sweep_2026-08-04 counted>=3,전수측정에서 실수집 확인
bmwet-gv-at-services,ok,sweep_2026-08-04 counted>=3,전수측정에서 실수집 확인
bmwkms-gv-at-themen,ok,sweep_2026-08-04 counted>=3,전수측정에서 실수집 확인
bmwsb-bund-de-de,ok,sweep_2026-08-04 counted>=3,전수측정에서 실수집 확인
bmz-de-de,ok,sweep_2026-08-04 counted>=3,전수측정에서 실수집 확인
bnf-fr-fr,ok,sweep_2026-08-04 counted>=3,전수측정에서 실수집 확인
bok-or-kr-portal,ok,sweep_2026-08-04 counted>=3,전수측정에서 실수집 확인
book-ioj-go-kr-library,ok,probe counted=3,지금 fetch+파싱 정상
boverket-se-en,ok,sweep_2026-08-04 counted>=3,전수측정에서 실수집 확인
bra-se-english,ok,probe counted=3,지금 fetch+파싱 정상
brgm-fr-fr,ok,sweep_2026-08-04 counted>=3,전수측정에서 실수집 확인
broadbentinstitute-ca-research,ok,probe counted=3,지금 fetch+파싱 정상
brsn-net-list,ok,sweep_2026-08-04 counted>=3,전수측정에서 실수집 확인
budget-canada-ca-home-accueil-enhtml,ok,sweep_2026-08-04 counted>=3,전수측정에서 실수집 확인
bundesfinanzministerium-de-web,ok,repaired_2026-08-05 probe>=1,수리 후 재검증 통과
bundesgesundheitsministerium-de-service,ok,sweep_2026-08-04 counted>=3,전수측정에서 실수집 확인
bundeskanzleramt-gv-at-bundeskanzleramt,ok,sweep_2026-08-04 counted>=3,전수측정에서 실수집 확인
bundesumweltministerium-de-en,ok,sweep_2026-08-04 counted>=3,전수측정에서 실수집 확인
busan-go-kr-nbtnewsbu,ok,sweep_2026-08-04 counted>=3,전수측정에서 실수집 확인
business-sweden-com-about-us,ok,sweep_2026-08-04 counted>=3,전수측정에서 실수집 확인
cac-gov-cn-hdfw,ok,probe counted=3,지금 fetch+파싱 정상
cae-eco-fr-presse-cae-0,ok,sweep_2026-08-04 counted>=3,전수측정에서 실수집 확인
caissedesdepots-fr-communiques-de-press,ok,sweep_2026-08-04 counted>=3,전수측정에서 실수집 확인
caitec-org-cn-n6,ok,sweep_2026-08-04 counted>=3,전수측정에서 실수집 확인
canada-ca-en,ok,probe counted=3,지금 fetch+파싱 정상
cancer-fr-catalogue-des-public,ok,probe counted=3,지금 fetch+파싱 정상
cancer-fr-presse,ok,probe counted=3,지금 fetch+파싱 정상
cancer-gov-about-nci,ok,sweep_2026-08-04 counted>=3,전수측정에서 실수집 확인
canurb-org-publications,ok,probe counted=3,지금 fetch+파싱 정상
carabinieri-it-in-vostro-aiuto,ok,sweep_2026-08-04 counted>=3,전수측정에서 실수집 확인
casseng-cssn-cn-sky_research,ok,sweep_2026-08-04 counted>=3,전수측정에서 실수집 확인
catalog-data-metro-tokyo-lg-jp-dataset,ok,probe counted=1,지금 fetch+파싱 정상
catalogue-data-govt-nz-dataset,ok,sweep_2026-08-04 counted>=3,전수측정에서 실수집 확인
cc-nih-gov-research,ok,sweep_2026-08-04 counted>=3,전수측정에서 실수집 확인
cdhowe-org-research-insights,ok,sweep_2026-08-04 counted>=3,전수측정에서 실수집 확인
cds-cern-ch-collection,ok,probe counted=3,지금 fetch+파싱 정상
cea-hal-science-cnrgh,ok,probe counted=3,지금 fetch+파싱 정상
cedelft-eu-reports,ok,probe counted=3,지금 fetch+파싱 정상
centralbank-ie-publication,ok,sweep_2026-08-04 counted>=3,전수측정에서 실수집 확인
centralesupelec-fr-presse,ok,sweep_2026-08-04 counted>=3,전수측정에서 실수집 확인
cepii-fr-cepii,ok,sweep_2026-08-04 counted>=3,전수측정에서 실수집 확인
cer-rec-gc-ca-en,ok,sweep_2026-08-04 counted>=3,전수측정에서 실수집 확인
cerema-fr-fr,ok,probe counted=3,지금 fetch+파싱 정상
chinatax-gov-cn-chinatax,ok,probe counted=3,지금 fetch+파싱 정상
chungnam-go-kr-cnportal,ok,sweep_2026-08-04 counted>=3,전수측정에서 실수집 확인
cigionline-org-publications,ok,probe counted=3,지금 fetch+파싱 정상
cirad-fr-espace-presse,ok,probe counted=3,지금 fetch+파싱 정상
civilprotection-gov-gr-deltia-tupou,ok,sweep_2026-08-04 counted>=3,전수측정에서 실수집 확인
climateinstitute-ca-newsroom,ok,probe counted=3,지금 fetch+파싱 정상
cmi-no-publications,ok,probe counted=3,지금 fetch+파싱 정상
cnam-hal-science-ceet,ok,probe counted=3,지금 fetch+파싱 정상
cnam-hal-science-search,ok,probe counted=3,지금 fetch+파싱 정상
cnes-fr-communiques,ok,probe counted=3,지금 fetch+파싱 정상
cnic-es-en,ok,sweep_2026-08-04 counted>=3,전수측정에서 실수집 확인
cnipa-gov-cn-col,ok,sweep_2026-08-04 counted>=3,전수측정에서 실수집 확인
college-de-france-fr-en,ok,sweep_2026-08-04 counted>=3,전수측정에서 실수집 확인
comptroller-defense-gov-odcfo,ok,sweep_2026-08-04 counted>=3,전수측정에서 실수집 확인
comwel-or-kr-comwel,ok,sweep_2026-08-04 counted>=3,전수측정에서 실수집 확인
consult-environment-govt-nz-climate,ok,sweep_2026-08-04 counted>=3,전수측정에서 실수집 확인
consult-environment-govt-nz-resource-management,ok,sweep_2026-08-04 counted>=3,전수측정에서 실수집 확인
consult-environment-govt-nz-waste,ok,sweep_2026-08-04 counted>=3,전수측정에서 실수집 확인
cora-ucc-ie-search,ok,probe counted=3,지금 fetch+파싱 정상
cpb-nl-en,ok,sweep_2026-08-04 counted>=3,전수측정에서 실수집 확인
cre-fr-documents,ok,probe counted=3,지금 fetch+파싱 정상
csem-ch-en,ok,probe counted=3,지금 fetch+파싱 정상
csic-es-es,ok,sweep_2026-08-04 counted>=3,전수측정에서 실수집 확인
cso-ie-en,ok,sweep_2026-08-04 counted>=3,전수측정에서 실수집 확인
csrc-gov-cn-csrc_en,ok,probe counted=3,지금 fetch+파싱 정상
cstb-fr-communiques-de-press,ok,sweep_2026-08-04 counted>=3,전수측정에서 실수집 확인
culture-gouv-fr-espace-documentation,ok,probe counted=3,지금 fetch+파싱 정상
cwf-ca-publications,ok,probe counted=3,지금 fetch+파싱 정상
daejeon-go-kr-drh,ok,sweep_2026-08-04 counted>=3,전수측정에서 실수집 확인
dair-dias-ie-cgi,ok,sweep_2026-08-04 counted>=3,전수측정에서 실수집 확인
data-aeronomie-be-dataset,ok,probe counted=3,지금 fetch+파싱 정상
data-biodiversity-be-dataset,ok,repaired_2026-08-05 probe>=1,수리 후 재검증 통과
data-busan-go-kr-bdip,ok,probe counted=3,지금 fetch+파싱 정상
data-e-gov-go-jp-data,ok,sweep_2026-08-04 counted>=3,전수측정에서 실수집 확인
data-gouv-fr-organizations,ok,probe counted=3,지금 fetch+파싱 정상
data-gov-au-data,ok,probe counted=3,지금 fetch+파싱 정상
data-gov-uk-search,ok,probe counted=3,지금 fetch+파싱 정상
data-gv-at-datasets,ok,probe counted=3,지금 fetch+파싱 정상
data-mfe-govt-nz-documents,ok,sweep_2026-08-04 counted>=3,전수측정에서 실수집 확인
data-mfe-govt-nz-tables,ok,sweep_2026-08-04 counted>=3,전수측정에서 실수집 확인
data-nasa-gov-dataset,ok,probe counted=3,지금 fetch+파싱 정상
data-nist-gov-sdp,ok,sweep_2026-08-04 counted>=3,전수측정에서 실수집 확인
data-statistik-gv-at-web,ok,sweep_2026-08-04 counted>=3,전수측정에서 실수집 확인
data-taltech-ee-search,ok,probe counted=3,지금 fetch+파싱 정상
datacatalogue-adruk-org-browser,ok,probe counted=3,지금 fetch+파싱 정상
daten-berlin-de-datensaetze,ok,probe counted=3,지금 fetch+파싱 정상
datenportal-bmbf-de-portal,ok,sweep_2026-08-04 counted>=3,전수측정에서 실수집 확인
datos-gob-cl-dataset,ok,probe counted=3,지금 fetch+파싱 정상
datos-gob-mx-dataset,ok,probe counted=3,지금 fetch+파싱 정상
defence-gov-au-publications,ok,sweep_2026-08-04 counted>=3,전수측정에서 실수집 확인
defence-govt-nz-publications,ok,sweep_2026-08-04 counted>=3,전수측정에서 실수집 확인
defensa-gob-es-gabinete,ok,sweep_2026-08-04 counted>=3,전수측정에서 실수집 확인
defense-gouv-fr-salle-de-presse,ok,sweep_2026-08-04 counted>=3,전수측정에서 실수집 확인
defense-gov-news,ok,sweep_2026-08-04 counted>=3,전수측정에서 실수집 확인
deltares-nl-en,ok,probe counted=3,지금 fetch+파싱 정상
dfat-gov-au-publications,ok,sweep_2026-08-04 counted>=3,전수측정에서 실수집 확인
dhs-gov-congressional-approp,ok,sweep_2026-08-04 counted>=3,전수측정에서 실수집 확인
dhs-gov-news-releases,ok,sweep_2026-08-04 counted>=3,전수측정에서 실수집 확인
dhs-gov-publication,ok,sweep_2026-08-04 counted>=3,전수측정에서 실수집 확인
dia-govt-nz-diawebsitensf,ok,sweep_2026-08-04 counted>=3,전수측정에서 실수집 확인
didaktorika-gr-eadd,ok,sweep_2026-08-04 counted>=3,전수측정에서 실수집 확인
difesa-it-il-ministro,ok,sweep_2026-08-04 counted>=3,전수측정에서 실수집 확인
differ-nl-publications,ok,probe counted=3,지금 fetch+파싱 정상
digital-gob-es-comunicacion,ok,sweep_2026-08-04 counted>=3,전수측정에서 실수집 확인
diplomatie-gouv-fr-en,ok,sweep_2026-08-04 counted>=3,전수측정에서 실수집 확인
directives-doe-gov-directives-browse,ok,sweep_2026-08-04 counted>=3,전수측정에서 실수집 확인
directives-doe-gov-guidance,ok,sweep_2026-08-04 counted>=3,전수측정에서 실수집 확인
doaj-org-search,ok,probe counted=3,지금 fetch+파싱 정상
doi-gov-bpp,ok,sweep_2026-08-04 counted>=3,전수측정에서 실수집 확인
dol-gov-newsroom,ok,sweep_2026-08-04 counted>=3,전수측정에서 실수집 확인
doras-dcu-ie-view,ok,sweep_2026-08-04 counted>=3,전수측정에서 실수집 확인
dpmc-govt-nz-publications,ok,sweep_2026-08-04 counted>=3,전수측정에서 실수집 확인
drc-gov-cn-leafaspx,ok,probe counted=3,지금 fetch+파싱 정상
drugsandalcohol-ie-cgi,ok,sweep_2026-08-04 counted>=3,전수측정에서 실수집 확인
dspace-emu-ee-search,ok,probe counted=3,지금 fetch+파싱 정상
dspace-ut-ee-search,ok,probe counted=3,지금 fetch+파싱 정상
dst-dk-da,ok,sweep_2026-08-04 counted>=3,전수측정에서 실수집 확인
dtic-dimensions-ai-discover,ok,probe counted=3,지금 fetch+파싱 정상
e-stat-go-jp-stat-search,ok,probe counted=3,지금 fetch+파싱 정상
earlham-ac-uk-newsroom,ok,sweep_2026-08-04 counted>=3,전수측정에서 실수집 확인
earth-prints-org,ok,sweep_2026-08-04 counted>=3,전수측정에서 실수집 확인
ec-lyon-hal-science-search,ok,probe counted=3,지금 fetch+파싱 정상
ecat-ga-gov-au-geonetwork,ok,sweep_2026-08-04 counted>=3,전수측정에서 실수집 확인
ecologie-gouv-fr-presse,ok,sweep_2026-08-04 counted>=3,전수측정에서 실수집 확인
economie-fgov-be-nl,ok,sweep_2026-08-04 counted>=3,전수측정에서 실수집 확인
economy-ni-gov-uk-news,ok,sweep_2026-08-04 counted>=3,전수측정에서 실수집 확인
economy-ni-gov-uk-publications,ok,sweep_2026-08-04 counted>=3,전수측정에서 실수집 확인
ed-gov-about,ok,probe counted=3,지금 fetch+파싱 정상
eda-admin-ch-eda,ok,sweep_2026-08-04 counted>=3,전수측정에서 실수집 확인
edi-admin-ch-de,ok,probe counted=3,지금 fetch+파싱 정상
edoc-rki-de-handle,ok,probe counted=3,지금 fetch+파싱 정상
educacionfpydeportes-gob-es-prensahtml,ok,sweep_2026-08-04 counted>=3,전수측정에서 실수집 확인
education-govt-nz-our-work,ok,repaired_2026-08-05 probe>=1,수리 후 재검증 통과
education-ni-gov-uk-news,ok,probe counted=3,지금 fetch+파싱 정상
edx-netl-doe-gov-group,ok,probe counted=3,지금 fetch+파싱 정상
efd-admin-ch-en,ok,sweep_2026-08-04 counted>=3,전수측정에서 실수집 확인
efk-admin-ch-fr,ok,probe counted=3,지금 fetch+파싱 정상
ehess-hal-science-search,ok,probe counted=3,지금 fetch+파싱 정상
ejournals-epublishing-ekt-gr-indexphp,ok,sweep_2026-08-04 counted>=3,전수측정에서 실수집 확인
elocus-lib-uoc-gr-search,ok,sweep_2026-08-04 counted>=3,전수측정에서 실수집 확인
em-dk-aktuelt,ok,sweep_2026-08-04 counted>=3,전수측정에서 실수집 확인
em-lyon-com-en,ok,sweep_2026-08-04 counted>=3,전수측정에서 실수집 확인
emep-int-mscw,ok,sweep_2026-08-04 counted>=3,전수측정에서 실수집 확인
emsl-pnnl-gov-science,ok,sweep_2026-08-04 counted>=3,전수측정에서 실수집 확인
en-ird-fr-sections,ok,probe counted=3,지금 fetch+파싱 정상
en-moj-gov-cn-lawsandregulationsht,ok,repaired_2026-08-05 probe>=1,수리 후 재검증 통과
en-nhc-gov-cn-publicationshtml,ok,sweep_2026-08-04 counted>=3,전수측정에서 실수집 확인
en-nim-ac-cn-taxonomy,ok,sweep_2026-08-04 counted>=3,전수측정에서 실수집 확인
enac-hal-science-search,ok,probe counted=3,지금 fetch+파싱 정상
enc-hal-science-search,ok,probe counted=3,지금 fetch+파싱 정상
energy-gov-management,ok,sweep_2026-08-04 counted>=3,전수측정에서 실수집 확인
energy-gov-open-government,ok,sweep_2026-08-04 counted>=3,전수측정에서 실수집 확인
energy-gov-search,ok,probe counted=3,지금 fetch+파싱 정상
eng-mod-gov-cn-2025xb,ok,sweep_2026-08-04 counted>=3,전수측정에서 실수집 확인
english-cnipa-gov-cn-col,ok,sweep_2026-08-04 counted>=3,전수측정에서 실수집 확인
english-www-gov-cn-archive,ok,sweep_2026-08-04 counted>=3,전수측정에서 실수집 확인
enpc-hal-science-search,ok,probe counted=3,지금 fetch+파싱 정상
ens-hal-science-search,ok,probe counted=3,지금 fetch+파싱 정상
ens-lyon-fr-lecole,ok,sweep_2026-08-04 counted>=3,전수측정에서 실수집 확인
ens-lyon-hal-science-search,ok,probe counted=3,지금 fetch+파싱 정상
enscp-hal-science-search,ok,probe counted=3,지금 fetch+파싱 정상
enssib-hal-science-search,ok,probe counted=1,지금 fetch+파싱 정상
environment-govt-nz-acts-and-regulations,ok,sweep_2026-08-04 counted>=3,전수측정에서 실수집 확인
environment-govt-nz-publications,ok,sweep_2026-08-04 counted>=3,전수측정에서 실수집 확인
environment-govt-nz-what-you-can-do,ok,probe counted=3,지금 fetch+파싱 정상
envt-hal-science-search,ok,probe counted=3,지금 fetch+파싱 정상
epa-ie-news-releases,ok,sweep_2026-08-04 counted>=3,전수측정에서 실수집 확인
eprints-imtlucca-it-cgi,ok,repaired_2026-08-05 probe>=1,수리 후 재검증 통과
eprints-soton-ac-uk-view,ok,repaired_2026-08-05 probe>=1,수리 후 재검증 통과
espci-hal-science-search,ok,probe counted=3,지금 fetch+파싱 정상
esri-ie-publications,ok,sweep_2026-08-04 counted>=3,전수측정에서 실수집 확인
esteri-it-it,ok,probe counted=3,지금 fetch+파싱 정상
etera-ee-browse,ok,sweep_2026-08-04 counted>=3,전수측정에서 실수집 확인
ethz-ch-de,ok,sweep_2026-08-04 counted>=3,전수측정에서 실수집 확인
etis-ee-portal,ok,sweep_2026-08-04 counted>=3,전수측정에서 실수집 확인
exteriores-gob-es-en,ok,probe counted=3,지금 fetch+파싱 정상
fafo-no-en,ok,sweep_2026-08-04 counted>=3,전수측정에서 실수집 확인
fair-healthdata-be-search,ok,probe counted=3,지금 fetch+파싱 정상
federalregister-gov-documents,ok,probe counted=3,지금 fetch+파싱 정상
fhi-no-en,ok,probe counted=3,지금 fetch+파싱 정상
fi-se-en,ok,sweep_2026-08-04 counted>=3,전수측정에서 실수집 확인
fibl-org-en,ok,sweep_2026-08-04 counted>=3,전수측정에서 실수집 확인
finance-ni-gov-uk-publications,ok,sweep_2026-08-04 counted>=3,전수측정에서 실수집 확인
flore-unifi-it,ok,sweep_2026-08-04 counted>=3,전수측정에서 실수집 확인
fm-dk-udgivelser,ok,sweep_2026-08-04 counted>=3,전수측정에서 실수집 확인
fmi-ch-research,ok,sweep_2026-08-04 counted>=3,전수측정에서 실수집 확인
fmn-dk-da,ok,sweep_2026-08-04 counted>=3,전수측정에서 실수집 확인
forest-go-kr-kfsweb,ok,sweep_2026-08-04 counted>=3,전수측정에서 실수집 확인
frontiersin-org-articles,ok,probe counted=3,지금 fetch+파싱 정상
fss-or-kr-fss,ok,sweep_2026-08-04 counted>=3,전수측정에서 실수집 확인
ftc-go-kr-www,ok,sweep_2026-08-04 counted>=3,전수측정에서 실수집 확인
futureneurocentre-ie-our-research,ok,probe counted=3,지금 fetch+파싱 정상
ga-gov-au-data-pubs,ok,sweep_2026-08-04 counted>=3,전수측정에서 실수집 확인
gb-go-kr-sub,ok,sweep_2026-08-04 counted>=3,전수측정에서 실수집 확인
gcsp-ch-publications,ok,sweep_2026-08-04 counted>=3,전수측정에서 실수집 확인
genome-gov-about-nhgri,ok,probe counted=1,지금 fetch+파싱 정상
geoportal-statistics-gov-uk-search,ok,probe counted=3,지금 fetch+파싱 정상
gi-re-kr-home,ok,sweep_2026-08-04 counted>=3,전수측정에서 실수집 확인
gichd-org-publications-resourc,ok,sweep_2026-08-04 counted>=3,전수측정에서 실수집 확인
github-com-orgs,ok,probe counted=3,지금 fetch+파싱 정상
gnews-gg-go-kr-briefing,ok,sweep_2026-08-04 counted>=3,전수측정에서 실수집 확인
gnewsonline-it-category,ok,sweep_2026-08-04 counted>=3,전수측정에서 실수집 확인
go-griffith-ie-browse,ok,probe counted=3,지금 fetch+파싱 정상
gov-gr-search,ok,repaired_2026-08-05 probe>=1,수리 후 재검증 통과
gov-ie-en,ok,repaired_2026-08-05 probe>=1,수리 후 재검증 통과
gov-il-collectors,ok,probe counted=3,지금 fetch+파싱 정상
gov-scot-publications,ok,probe counted=3,지금 fetch+파싱 정상
gov-scot-statistics-and-resea,ok,probe counted=3,지금 fetch+파싱 정상
gov-uk-search,ok,probe counted=3,지금 fetch+파싱 정상
gov-wales-publications,ok,sweep_2026-08-04 counted>=3,전수측정에서 실수집 확인
government-se-publications,ok,sweep_2026-08-04 counted>=3,전수측정에서 실수집 확인
graduateinstitute-ch-library,ok,sweep_2026-08-04 counted>=3,전수측정에서 실수집 확인
gri-re-kr-web,ok,sweep_2026-08-04 counted>=3,전수측정에서 실수집 확인
gwangju-go-kr-boardlistdo,ok,sweep_2026-08-04 counted>=3,전수측정에서 실수집 확인
gyeongnam-go-kr-board,ok,sweep_2026-08-04 counted>=3,전수측정에서 실수집 확인
hal-science-afd,ok,probe counted=3,지금 fetch+파싱 정상
hal-science-ign-ensg,ok,probe counted=3,지금 fetch+파싱 정상
harcresearch-org-news,ok,sweep_2026-08-04 counted>=3,전수측정에서 실수집 확인
harcresearch-org-research,ok,sweep_2026-08-04 counted>=3,전수측정에서 실수집 확인
hatvp-fr-actualites-et-public,ok,sweep_2026-08-04 counted>=3,전수측정에서 실수집 확인
hautconseilclimat-fr-ressources-pedagogiq,ok,probe counted=3,지금 fetch+파싱 정상
hcsp-fr-explorecgi,ok,sweep_2026-08-04 counted>=3,전수측정에서 실수집 확인
health-gov-au-publications,ok,sweep_2026-08-04 counted>=3,전수측정에서 실수집 확인
health-govt-nz-publications,ok,sweep_2026-08-04 counted>=3,전수측정에서 실수집 확인
health-ni-gov-uk-news,ok,sweep_2026-08-04 counted>=3,전수측정에서 실수집 확인
health-ni-gov-uk-publications,ok,sweep_2026-08-04 counted>=3,전수측정에서 실수집 확인
hec-edu-en,ok,sweep_2026-08-04 counted>=3,전수측정에서 실수집 확인
hec-hal-science-search,ok,probe counted=3,지금 fetch+파싱 정상
helios-eie-gr-helios,ok,probe counted=3,지금 fetch+파싱 정상
hfml-felix-nl-en,ok,probe counted=3,지금 fetch+파싱 정상
hhs-gov-guidance,ok,sweep_2026-08-04 counted>=3,전수측정에서 실수집 확인
hi-no-en,ok,sweep_2026-08-04 counted>=3,전수측정에서 실수집 확인
home-cern-news,ok,sweep_2026-08-04 counted>=3,전수측정에서 실수집 확인
home-treasury-gov-about,ok,sweep_2026-08-04 counted>=3,전수측정에서 실수집 확인
homeaffairs-gov-au-sitesearch,ok,probe counted=3,지금 fetch+파싱 정상
hrb-ie-publications,ok,probe counted=3,지금 fetch+파싱 정상
hrbopenresearch-org,ok,sweep_2026-08-04 counted>=3,전수측정에서 실수집 확인
hud-govt-nz-documents,ok,probe counted=3,지금 fetch+파싱 정상
hud-govt-nz-stats-and-insights,ok,sweep_2026-08-04 counted>=3,전수측정에서 실수집 확인
humanrights-go-kr-base,ok,sweep_2026-08-04 counted>=3,전수측정에서 실수집 확인
icn-artem-com-en,ok,sweep_2026-08-04 counted>=3,전수측정에서 실수집 확인
icn-hal-science-search,ok,probe counted=3,지금 fetch+파싱 정상
icp-fr-a-propos-de-licp,ok,sweep_2026-08-04 counted>=3,전수측정에서 실수집 확인
icp-hal-science-search,ok,probe counted=3,지금 fetch+파싱 정상
idiap-ch-en,ok,sweep_2026-08-04 counted>=3,전수측정에서 실수집 확인
ifau-se-forskning,ok,sweep_2026-08-04 counted>=3,전수측정에서 실수집 확인
ifau-se-press,ok,sweep_2026-08-04 counted>=3,전수측정에서 실수집 확인
ifpenergiesnouvelles-fr-tags,ok,sweep_2026-08-04 counted>=3,전수측정에서 실수집 확인
ifr-pan-edu-pl-dzialalnosc-naukowa,ok,repaired_2026-08-05 probe>=1,수리 후 재검증 통과
ifremer-fr-fr,ok,sweep_2026-08-04 counted>=3,전수측정에서 실수집 확인
ign-fr-espace-presse,ok,sweep_2026-08-04 counted>=3,전수측정에서 실수집 확인
igualdad-gob-es-comunicacion,ok,sweep_2026-08-04 counted>=3,전수측정에서 실수집 확인
iheid-swisscovery-ch-discovery,ok,sweep_2026-08-04 counted>=3,전수측정에서 실수집 확인
ii-re-kr-base,ok,sweep_2026-08-04 counted>=3,전수측정에서 실수집 확인
iisd-org-press,ok,probe counted=3,지금 fetch+파싱 정상
illustro-iadt-figshare-com-search,ok,sweep_2026-08-04 counted>=3,전수측정에서 실수집 확인
imt-nord-europe-hal-science-search,ok,probe counted=3,지금 fetch+파싱 정상
incheon-go-kr-ic010205,ok,sweep_2026-08-04 counted>=3,전수측정에서 실수집 확인
indicators-be-nl,ok,sweep_2026-08-04 counted>=3,전수측정에서 실수집 확인
ineris-hal-science-search,ok,probe counted=3,지금 fetch+파싱 정상
info-korail-com-info,ok,sweep_2026-08-04 counted>=3,전수측정에서 실수집 확인
infrastructure-ni-gov-uk-news,ok,sweep_2026-08-04 counted>=3,전수측정에서 실수집 확인
inrae-fr-actualites,ok,repaired_2026-08-05 probe>=1,수리 후 재검증 통과
inria-fr-fr,ok,repaired_2026-08-05 probe>=1,수리 후 재검증 통과
inria-hal-science-search,ok,probe counted=3,지금 fetch+파싱 정상
inserm-hal-science-search,ok,probe counted=3,지금 fetch+파싱 정상
insight-centre-org-press-releases,ok,probe counted=3,지금 fetch+파싱 정상
international-andra-fr-documents-and-visual,ok,probe counted=3,지금 fetch+파싱 정상
international-canada-ca-en,ok,sweep_2026-08-04 counted>=3,전수측정에서 실수집 확인
international-gc-ca-transparency-transpa,ok,sweep_2026-08-04 counted>=3,전수측정에서 실수집 확인
ir-arcnl-nl,ok,sweep_2026-08-04 counted>=3,전수측정에서 실수집 확인
ir-cwi-nl,ok,probe counted=3,지금 fetch+파싱 정상
ir-lib-uth-gr-xmlui,ok,probe counted=3,지금 fetch+파싱 정상
irb-usi-ch-publications,ok,sweep_2026-08-04 counted>=3,전수측정에서 실수집 확인
ird-hal-science-search,ok,probe counted=3,지금 fetch+파싱 정상
iris-unitn-it,ok,sweep_2026-08-04 counted>=3,전수측정에서 실수집 확인
irpp-org-about-the-irpp,ok,probe counted=3,지금 fetch+파싱 정상
irpp-org-media,ok,probe counted=3,지금 fetch+파싱 정상
irsn-fr-actualites,ok,sweep_2026-08-04 counted>=3,전수측정에서 실수집 확인
isae-ensma-hal-science-search,ok,probe counted=3,지금 fetch+파싱 정상
issibern-ch-outreach,ok,probe counted=3,지금 fetch+파싱 정상
issibern-ch-results,ok,probe counted=3,지금 fetch+파싱 정상
issnationallab-org-about,ok,repaired_2026-08-05 probe>=1,수리 후 재검증 통과
issnationallab-org-press-releases,ok,probe counted=3,지금 fetch+파싱 정상
issnationallab-org-publications,ok,probe counted=3,지금 fetch+파싱 정상
issnationallab-org-research-and-science,ok,probe counted=3,지금 fetch+파싱 정상
iucn-org-about-iucn,ok,sweep_2026-08-04 counted>=3,전수측정에서 실수집 확인
iucn-org-press-releases,ok,sweep_2026-08-04 counted>=3,전수측정에서 실수집 확인
iucn-org-resources,ok,sweep_2026-08-04 counted>=3,전수측정에서 실수집 확인
ivo-se-sok,ok,probe counted=3,지금 fetch+파싱 정상
jeju-go-kr-news,ok,sweep_2026-08-04 counted>=3,전수측정에서 실수집 확인
jgi-doe-gov-user-science,ok,probe counted=3,지금 fetch+파싱 정상
jic-ac-uk-news-events,ok,probe counted=3,지금 fetch+파싱 정상
jsearch-mwr-gov-cn-irs-c-web,ok,sweep_2026-08-04 counted>=3,전수측정에서 실수집 확인
julkaisut-valtioneuvosto-fi-search,ok,probe counted=3,지금 fetch+파싱 정상
justice-gouv-fr-documentation,ok,probe counted=3,지금 fetch+파싱 정상
justice-gov-news,ok,sweep_2026-08-04 counted>=3,전수측정에서 실수집 확인
justice-ni-gov-uk-publications,ok,sweep_2026-08-04 counted>=3,전수측정에서 실수집 확인
justitsministeriet-dk-forskning,ok,sweep_2026-08-04 counted>=3,전수측정에서 실수집 확인
justitsministeriet-dk-pressemeddelelse,ok,sweep_2026-08-04 counted>=3,전수측정에서 실수집 확인
juventudeinfancia-gob-es-es,ok,sweep_2026-08-04 counted>=3,전수측정에서 실수집 확인
kamco-or-kr-portal,ok,sweep_2026-08-04 counted>=3,전수측정에서 실수집 확인
kammarkollegiet-se-aktuellt,ok,sweep_2026-08-04 counted>=3,전수측정에서 실수집 확인
kasa-go-kr-bbs,ok,sweep_2026-08-04 counted>=3,전수측정에서 실수집 확인
kb-se-om-oss,ok,probe counted=3,지금 fetch+파싱 정상
kcg-go-kr-kcg,ok,sweep_2026-08-04 counted>=3,전수측정에서 실수집 확인
kdca-go-kr-kdca,ok,sweep_2026-08-04 counted>=3,전수측정에서 실수집 확인
kedi-re-kr-khome,ok,sweep_2026-08-04 counted>=3,전수측정에서 실수집 확인
keei-re-kr-boardes,ok,sweep_2026-08-04 counted>=3,전수측정에서 실수집 확인
kefm-dk-aftaler,ok,sweep_2026-08-04 counted>=3,전수측정에서 실수집 확인
kei-re-kr-eliblistes,ok,sweep_2026-08-04 counted>=3,전수측정에서 실수집 확인
keis-or-kr-keis,ok,sweep_2026-08-04 counted>=3,전수측정에서 실수집 확인
kepco-co-kr-home,ok,sweep_2026-08-04 counted>=3,전수측정에서 실수집 확인
kfss-forest-go-kr-stat,ok,probe counted=3,지금 fetch+파싱 정상
khs-go-kr-cop,ok,sweep_2026-08-04 counted>=3,전수측정에서 실수집 확인
khs-go-kr-newsbbz,ok,probe counted=3,지금 fetch+파싱 정상
kicce-re-kr-main,ok,sweep_2026-08-04 counted>=3,전수측정에서 실수집 확인
kice-re-kr-boardcnts,ok,sweep_2026-08-04 counted>=3,전수측정에서 실수집 확인
kicj-re-kr-boardes,ok,sweep_2026-08-04 counted>=3,전수측정에서 실수집 확인
kiep-go-kr-galleryes,ok,sweep_2026-08-04 counted>=3,전수측정에서 실수집 확인
kihasa-re-kr-news,ok,sweep_2026-08-04 counted>=3,전수측정에서 실수집 확인
kihasa-re-kr-publish,ok,sweep_2026-08-04 counted>=3,전수측정에서 실수집 확인
kinfa-or-kr-notificationpromotio,ok,sweep_2026-08-04 counted>=3,전수측정에서 실수집 확인
kinu-or-kr-main,ok,sweep_2026-08-04 counted>=3,전수측정에서 실수집 확인
kipa-re-kr-html,ok,sweep_2026-08-04 counted>=3,전수측정에서 실수집 확인
kipf-re-kr-bbs,ok,sweep_2026-08-04 counted>=3,전수측정에서 실수집 확인
kipf-re-kr-kor,ok,sweep_2026-08-04 counted>=3,전수측정에서 실수집 확인
kipo-go-kr-ko,ok,sweep_2026-08-04 counted>=3,전수측정에서 실수집 확인
kirj-ee-archive,ok,probe counted=3,지금 fetch+파싱 정상
kisdi-re-kr-bbs,ok,sweep_2026-08-04 counted>=3,전수측정에서 실수집 확인
kisdi-re-kr-report,ok,sweep_2026-08-04 counted>=3,전수측정에서 실수집 확인
kit-nl-institute,ok,probe counted=3,지금 fetch+파싱 정상
kjonnsforskning-no-nb,ok,probe counted=3,지금 fetch+파싱 정상
kli-re-kr-kli,ok,sweep_2026-08-04 counted>=3,전수측정에서 실수집 확인
kliimaministeerium-ee-otsing,ok,probe counted=3,지금 fetch+파싱 정상
klimaraadet-dk-da,ok,sweep_2026-08-04 counted>=3,전수측정에서 실수집 확인
klri-re-kr-kor,ok,sweep_2026-08-04 counted>=3,전수측정에서 실수집 확인
kma-go-kr-kma,ok,sweep_2026-08-04 counted>=3,전수측정에서 실수집 확인
kmcc-go-kr-userdo,ok,sweep_2026-08-04 counted>=3,전수측정에서 실수집 확인
kmi-re-kr-web,ok,probe counted=3,지금 fetch+파싱 정상
kna-forest-go-kr-kfsweb,ok,sweep_2026-08-04 counted>=3,전수측정에서 실수집 확인
knmi-nl-kennis-en-datacentru,ok,probe counted=3,지금 fetch+파싱 정상
knowledge-barnardos-ie-browse,ok,probe counted=3,지금 fetch+파싱 정상
kommunekredit-com-about-us,ok,probe counted=3,지금 fetch+파싱 정상
kommunikasjon-ntb-no-presserom,ok,sweep_2026-08-04 counted>=3,전수측정에서 실수집 확인
kostat-go-kr-boardes,ok,repaired_2026-08-05 probe>=1,수리 후 재검증 통과
koti-re-kr-user,ok,sweep_2026-08-04 counted>=3,전수측정에서 실수집 확인
krei-re-kr-krei,ok,sweep_2026-08-04 counted>=3,전수측정에서 실수집 확인
krihs-re-kr-boardes,ok,sweep_2026-08-04 counted>=3,전수측정에서 실수집 확인
krihs-re-kr-krihslibraryarticle,ok,sweep_2026-08-04 counted>=3,전수측정에서 실수집 확인
krihs-re-kr-krihslibraryreport,ok,sweep_2026-08-04 counted>=3,전수측정에서 실수집 확인
krivet-re-kr,ok,sweep_2026-08-04 counted>=3,전수측정에서 실수집 확인
krivet-re-kr-kor,ok,sweep_2026-08-04 counted>=3,전수측정에서 실수집 확인
kwdi-re-kr-plaza,ok,sweep_2026-08-04 counted>=3,전수측정에서 실수집 확인
kwdi-re-kr-publications,ok,sweep_2026-08-04 counted>=3,전수측정에서 실수집 확인
lavoro-gov-it-stampa-e-media,ok,sweep_2026-08-04 counted>=3,전수측정에서 실수집 확인
lecese-fr-espace-presse,ok,sweep_2026-08-04 counted>=3,전수측정에서 실수집 확인
lenus-ie-browse,ok,probe counted=3,지금 fetch+파싱 정상
lib-cssn-cn-zy,ok,sweep_2026-08-04 counted>=3,전수측정에서 실수집 확인
library-kwrwater-nl-en,ok,probe counted=3,지금 fetch+파싱 정상
libreria-educacion-gob-es-p,ok,sweep_2026-08-04 counted>=3,전수측정에서 실수집 확인
llnl-gov-news,ok,sweep_2026-08-04 counted>=3,전수측정에서 실수집 확인
lne-fr-fr,ok,probe counted=3,지금 fetch+파싱 정상
mafra-go-kr-home,ok,sweep_2026-08-04 counted>=3,전수측정에서 실수집 확인
marine-ie-site-area,ok,sweep_2026-08-04 counted>=3,전수측정에서 실수집 확인
masaf-gov-it-flex,ok,sweep_2026-08-04 counted>=3,전수측정에서 실수집 확인
mbie-govt-nz-building-and-energy,ok,repaired_2026-08-05 probe>=1,수리 후 재검증 통과
mef-gov-it-ufficio-stampa,ok,probe counted=3,지금 fetch+파싱 정상
mem-gov-cn-fw,ok,sweep_2026-08-04 counted>=3,전수측정에서 실수집 확인
mentalhealthcommission-ca-resources,ok,probe counted=3,지금 fetch+파싱 정상
meri-belspo-be-site,ok,sweep_2026-08-04 counted>=3,전수측정에서 실수집 확인
meteofrance-fr-actualite,ok,sweep_2026-08-04 counted>=3,전수측정에서 실수집 확인
meteoswiss-admin-ch-services-and-publica,ok,probe counted=3,지금 fetch+파싱 정상
mfat-govt-nz-en,ok,sweep_2026-08-04 counted>=3,전수측정에서 실수집 확인
mfds-go-kr-brd,ok,sweep_2026-08-04 counted>=3,전수측정에서 실수집 확인
mi-se-arkiv,ok,probe counted=3,지금 fetch+파싱 정상
migration-gov-gr-press,ok,probe counted=3,지금 fetch+파싱 정상
miit-gov-cn-zc,ok,probe counted=3,지금 fetch+파싱 정상
miit-gov-cn-zwgk,ok,sweep_2026-08-04 counted>=3,전수측정에서 실수집 확인
mim-gov-it-web,ok,sweep_2026-08-04 counted>=3,전수측정에서 실수집 확인
mimit-gov-it-it,ok,sweep_2026-08-04 counted>=3,전수측정에서 실수집 확인
minagric-gr-the-ministry-2,ok,sweep_2026-08-04 counted>=3,전수측정에서 실수집 확인
mindev-gov-gr-category,ok,probe counted=3,지금 fetch+파싱 정상
mindigital-gr-archives,ok,sweep_2026-08-04 counted>=3,전수측정에서 실수집 확인
minedu-gov-gr-grafeio-typoy-kai-di,ok,repaired_2026-08-05 probe>=1,수리 후 재검증 통과
ministeroturismo-gov-it-category,ok,probe counted=3,지금 fetch+파싱 정상
ministryofjustice-gr,ok,sweep_2026-08-04 counted>=3,전수측정에서 실수집 확인
minrel-gob-cl-minrel,ok,sweep_2026-08-04 counted>=3,전수측정에서 실수집 확인
mintour-gov-gr-deltia-typoy,ok,sweep_2026-08-04 counted>=3,전수측정에서 실수집 확인
miteco-gob-es-es,ok,sweep_2026-08-04 counted>=3,전수측정에서 실수집 확인
mivau-gob-es-el-ministerio,ok,sweep_2026-08-04 counted>=3,전수측정에서 실수집 확인
mma-go-kr-board,ok,sweep_2026-08-04 counted>=3,전수측정에서 실수집 확인
mod-mil-gr-category,ok,sweep_2026-08-04 counted>=3,전수측정에서 실수집 확인
moe-go-kr-boardcnts,ok,sweep_2026-08-04 counted>=3,전수측정에서 실수집 확인
moe-gov-cn-jyb_sjzl,ok,probe counted=3,지금 fetch+파싱 정상
moe-gov-cn-jyb_xwfb,ok,sweep_2026-08-04 counted>=3,전수측정에서 실수집 확인
moe-gov-cn-jyb_xxgk,ok,sweep_2026-08-04 counted>=3,전수측정에서 실수집 확인
moef-go-kr-nw,ok,sweep_2026-08-04 counted>=3,전수측정에서 실수집 확인
mof-go-kr-doc,ok,sweep_2026-08-04 counted>=3,전수측정에서 실수집 확인
mof-gov-cn-en,ok,sweep_2026-08-04 counted>=3,전수측정에서 실수집 확인
mofa-go-kr-www,ok,sweep_2026-08-04 counted>=3,전수측정에서 실수집 확인
mofe-go-kr-id,ok,sweep_2026-08-04 counted>=3,전수측정에서 실수집 확인
mogef-go-kr-nw,ok,sweep_2026-08-04 counted>=3,전수측정에서 실수집 확인
moh-gov-gr-articles,ok,probe counted=3,지금 fetch+파싱 정상
mohrss-gov-cn-xxgk2020,ok,sweep_2026-08-04 counted>=3,전수측정에서 실수집 확인
mohw-go-kr-boardes,ok,sweep_2026-08-04 counted>=3,전수측정에서 실수집 확인
mois-go-kr-frt,ok,sweep_2026-08-04 counted>=3,전수측정에서 실수집 확인
moj-go-kr-moj,ok,sweep_2026-08-04 counted>=3,전수측정에서 실수집 확인
moleg-go-kr-boardes,ok,sweep_2026-08-04 counted>=3,전수측정에서 실수집 확인
molit-go-kr-usr,ok,sweep_2026-08-04 counted>=3,전수측정에서 실수집 확인
motir-go-kr-kor,ok,sweep_2026-08-04 counted>=3,전수측정에서 실수집 확인
mpi-govt-nz-about-mpi,ok,repaired_2026-08-05 probe>=1,수리 후 재검증 통과
mpva-go-kr-mpva,ok,sweep_2026-08-04 counted>=3,전수측정에서 실수집 확인
msd-govt-nz-about-msd-and-our-wo,ok,sweep_2026-08-04 counted>=3,전수측정에서 실수집 확인
msit-go-kr-bbs,ok,sweep_2026-08-04 counted>=3,전수측정에서 실수집 확인
mss-go-kr-site,ok,sweep_2026-08-04 counted>=3,전수측정에서 실수집 확인
mva-gov-cn-gongkai,ok,sweep_2026-08-04 counted>=3,전수측정에서 실수집 확인
mwr-gov-cn-english,ok,sweep_2026-08-04 counted>=3,전수측정에서 실수집 확인
mwr-gov-cn-zwgk,ok,sweep_2026-08-04 counted>=3,전수측정에서 실수집 확인
naacc-go-kr-web,ok,sweep_2026-08-04 counted>=3,전수측정에서 실수집 확인
nasa-gov-2025-news-releases,ok,probe counted=3,지금 fetch+파싱 정상
nationalacademies-org-publications,ok,probe counted=3,지금 fetch+파싱 정상
naturalengland-defra-opendata-arcgis-com-search,ok,probe counted=3,지금 fetch+파싱 정상
nbb-be-en,ok,sweep_2026-08-04 counted>=3,전수측정에서 실수집 확인
ncats-nih-gov-news-events,ok,sweep_2026-08-04 counted>=3,전수측정에서 실수집 확인
nccih-nih-gov-news,ok,sweep_2026-08-04 counted>=3,전수측정에서 실수집 확인
ncha-gov-cn-col,ok,probe counted=3,지금 fetch+파싱 정상
ncri-ie-en,ok,sweep_2026-08-04 counted>=3,전수측정에서 실수집 확인
neac-gov-cn-seac,ok,sweep_2026-08-04 counted>=3,전수측정에서 실수집 확인
nei-nih-gov-about,ok,sweep_2026-08-04 counted>=3,전수측정에서 실수집 확인
nei-nih-gov-learn-about-eye-heal,ok,probe counted=3,지금 fetch+파싱 정상
nemertes-library-upatras-gr-browse,ok,probe counted=3,지금 fetch+파싱 정상
nemertes-library-upatras-gr-search,ok,probe counted=3,지금 fetch+파싱 정상
nersc-no-en,ok,sweep_2026-08-04 counted>=3,전수측정에서 실수집 확인
nesc-ie-publications,ok,sweep_2026-08-04 counted>=3,전수측정에서 실수집 확인
netl-doe-gov-energy-analysis,ok,sweep_2026-08-04 counted>=3,전수측정에서 실수집 확인
netl-doe-gov-fecm-external-r-and-,ok,sweep_2026-08-04 counted>=3,전수측정에서 실수집 확인
netl-doe-gov-search-r-d-publicati,ok,sweep_2026-08-04 counted>=3,전수측정에서 실수집 확인
news-admin-ch-en,ok,sweep_2026-08-04 counted>=3,전수측정에서 실수집 확인
news-fnal-gov-category,ok,probe counted=3,지금 fetch+파싱 정상
newsreleases-sandia-gov-archives-by-year,ok,probe counted=3,지금 fetch+파싱 정상
nfa-go-kr-nfa,ok,sweep_2026-08-04 counted>=3,전수측정에서 실수집 확인
nfra-gov-cn-cn,ok,probe counted=3,지금 fetch+파싱 정상
nhc-gov-cn-wjw,ok,sweep_2026-08-04 counted>=3,전수측정에서 실수집 확인
nhlbi-nih-gov-about,ok,probe counted=3,지금 fetch+파싱 정상
nhlbi-nih-gov-resources,ok,sweep_2026-08-04 counted>=3,전수측정에서 실수집 확인
nhmrc-gov-au-publications,ok,sweep_2026-08-04 counted>=3,전수측정에서 실수집 확인
nia-nih-gov-news,ok,sweep_2026-08-04 counted>=3,전수측정에서 실수집 확인
niaaa-nih-gov-news-events,ok,sweep_2026-08-04 counted>=3,전수측정에서 실수집 확인
niams-nih-gov-newsroom,ok,sweep_2026-08-04 counted>=3,전수측정에서 실수집 확인
nibib-nih-gov-news-events,ok,sweep_2026-08-04 counted>=3,전수측정에서 실수집 확인
nibio-no-en,ok,sweep_2026-08-04 counted>=3,전수측정에서 실수집 확인
nichd-nih-gov-newsroom,ok,sweep_2026-08-04 counted>=3,전수측정에서 실수집 확인
nida-nih-gov-news-events,ok,sweep_2026-08-04 counted>=3,전수측정에서 실수집 확인
nida-nih-gov-research-topics,ok,probe counted=3,지금 fetch+파싱 정상
nidcd-nih-gov-order,ok,sweep_2026-08-04 counted>=3,전수측정에서 실수집 확인
nidcr-nih-gov-news-events,ok,sweep_2026-08-04 counted>=3,전수측정에서 실수집 확인
niddk-nih-gov-news,ok,sweep_2026-08-04 counted>=3,전수측정에서 실수집 확인
nidi-nl-en,ok,sweep_2026-08-04 counted>=3,전수측정에서 실수집 확인
niehs-nih-gov-newsreleases,ok,sweep_2026-08-04 counted>=3,전수측정에서 실수집 확인
nifu-no-en,ok,sweep_2026-08-04 counted>=3,전수측정에서 실수집 확인
nigms-nih-gov-news,ok,sweep_2026-08-04 counted>=3,전수측정에서 실수집 확인
nikhef-nl-pub,ok,sweep_2026-08-04 counted>=3,전수측정에서 실수집 확인
nim-ac-cn-taxonomy,ok,sweep_2026-08-04 counted>=3,전수측정에서 실수집 확인
nimh-nih-gov-news,ok,sweep_2026-08-04 counted>=3,전수측정에서 실수집 확인
nimhd-nih-gov-news-events,ok,sweep_2026-08-04 counted>=3,전수측정에서 실수집 확인
nin-nl-publications,ok,sweep_2026-08-04 counted>=3,전수측정에서 실수집 확인
nina-no-english,ok,repaired_2026-08-05 probe>=1,수리 후 재검증 통과
ninds-nih-gov-news-events,ok,sweep_2026-08-04 counted>=3,전수측정에서 실수집 확인
ninds-nih-gov-publications,ok,sweep_2026-08-04 counted>=3,전수측정에서 실수집 확인
nioo-knaw-nl-en,ok,sweep_2026-08-04 counted>=3,전수측정에서 실수집 확인
nisra-gov-uk-publications,ok,sweep_2026-08-04 counted>=3,전수측정에서 실수집 확인
nist-gov-publications,ok,sweep_2026-08-04 counted>=3,전수측정에서 실수집 확인
nistdigitalarchives-contentdm-oclc-org-digital,ok,probe counted=3,지금 fetch+파싱 정상
nivel-nl-en,ok,sweep_2026-08-04 counted>=3,전수측정에서 실수집 확인
nnsa-mee-gov-cn-english,ok,sweep_2026-08-04 counted>=3,전수측정에서 실수집 확인
noc-ac-uk-publications,ok,sweep_2026-08-04 counted>=3,전수측정에서 실수집 확인
nofima-com-publication,ok,repaired_2026-08-05 probe>=1,수리 후 재검증 통과
nora-nerc-ac-uk-view,ok,probe counted=3,지금 fetch+파싱 정상
nordlandsforskning-no-en,ok,sweep_2026-08-04 counted>=3,전수측정에서 실수집 확인
nps-or-kr-inforls,ok,sweep_2026-08-04 counted>=3,전수측정에서 실수집 확인
nps-or-kr-pnsgdnc,ok,sweep_2026-08-04 counted>=3,전수측정에서 실수집 확인
nrc-re-kr-boardes,ok,sweep_2026-08-04 counted>=3,전수측정에서 실수집 확인
nrscotland-gov-uk-publications,ok,probe counted=3,지금 fetch+파싱 정상
ntp-niehs-nih-gov-publications,ok,sweep_2026-08-04 counted>=3,전수측정에서 실수집 확인
ntrs-nasa-gov-search,ok,probe counted=3,지금 fetch+파싱 정상
nts-go-kr-nts,ok,sweep_2026-08-04 counted>=3,전수측정에서 실수집 확인
nupi-no-en,ok,sweep_2026-08-04 counted>=3,전수측정에서 실수집 확인
nypi-re-kr,ok,sweep_2026-08-04 counted>=3,전수측정에서 실수집 확인
nypi-re-kr-board,ok,sweep_2026-08-04 counted>=3,전수측정에서 실수집 확인
nzpri-aut-ac-nz-document-library,ok,repaired_2026-08-05 probe>=1,수리 후 재검증 통과
oig-treasury-gov-other-reports-testim,ok,sweep_2026-08-04 counted>=3,전수측정에서 실수집 확인
oka-go-kr-web,ok,probe counted=3,지금 fetch+파싱 정상
onera-fr-fr,ok,sweep_2026-08-04 counted>=3,전수측정에서 실수집 확인
ons-gov-uk-search,ok,sweep_2026-08-04 counted>=3,전수측정에서 실수집 확인
open-science-canada-ca-communities,ok,probe counted=3,지금 fetch+파싱 정상
openaccess-inaf-it,ok,sweep_2026-08-04 counted>=3,전수측정에서 실수집 확인
openaire-eu-os-slovenia,ok,sweep_2026-08-04 counted>=3,전수측정에서 실수집 확인
opendata-centralbank-ie-dataset,ok,sweep_2026-08-04 counted>=3,전수측정에서 실수집 확인
opendata-dk-search,ok,probe counted=3,지금 fetch+파싱 정상
opengov-seoul-go-kr-research,ok,sweep_2026-08-04 counted>=3,전수측정에서 실수집 확인
openresearch-repository-anu-edu-au-search,ok,probe counted=3,지금 fetch+파싱 정상
openscience-si-naprednoiskanjeaspx,ok,sweep_2026-08-04 counted>=3,전수측정에서 실수집 확인
opm-go-kr-opm,ok,sweep_2026-08-04 counted>=3,전수측정에서 실수집 확인
osr-statisticsauthority-gov-uk-publications-list,ok,probe counted=3,지금 fetch+파싱 정상
ostrnrcan-dostrncan-canada-ca-search,ok,probe counted=3,지금 fetch+파싱 정상
ots-at-pressemappe,ok,sweep_2026-08-04 counted>=3,전수측정에서 실수집 확인
par-nsf-gov-search,ok,sweep_2026-08-04 counted>=3,전수측정에서 실수집 확인
pasteur-fr-en,ok,probe counted=3,지금 fetch+파싱 정상
pbc-gov-cn-en,ok,sweep_2026-08-04 counted>=3,전수측정에서 실수집 확인
pbl-nl-en,ok,sweep_2026-08-04 counted>=3,전수측정에서 실수집 확인
pbocri-org-cn-xslwhtml,ok,probe counted=2,지금 fetch+파싱 정상
pembina-org-media-releases,ok,probe counted=3,지금 fetch+파싱 정상
pergamos-lib-uoa-gr-search,ok,probe counted=3,지금 fetch+파싱 정상
phfscience-nz-news-publications,ok,repaired_2026-08-05 probe>=1,수리 후 재검증 통과
plan-be-nl,ok,sweep_2026-08-04 counted>=3,전수측정에서 실수집 확인
pleanala-ie-en-ie,ok,sweep_2026-08-04 counted>=3,전수측정에서 실수집 확인
pnnl-gov-news,ok,probe counted=3,지금 fetch+파싱 정상
police-go-kr-user,ok,sweep_2026-08-04 counted>=3,전수측정에서 실수집 확인
policyalternatives-ca-news-research,ok,sweep_2026-08-04 counted>=3,전수측정에서 실수집 확인
politie-be-statistieken,ok,sweep_2026-08-04 counted>=3,전수측정에서 실수집 확인
polytechnique-edu-presse,ok,sweep_2026-08-04 counted>=3,전수측정에서 실수집 확인
polytechnique-hal-science-search,ok,probe counted=3,지금 fetch+파싱 정상
portaldiplomatico-mne-gov-pt-en,ok,sweep_2026-08-04 counted>=3,전수측정에서 실수집 확인
ppforum-ca-press-releases,ok,probe counted=3,지금 fetch+파싱 정상
pps-go-kr-kor,ok,sweep_2026-08-04 counted>=3,전수측정에서 실수집 확인
presse-cnam-fr-communiques,ok,sweep_2026-08-04 counted>=3,전수측정에서 실수집 확인
presse-curie-fr-section,ok,sweep_2026-08-04 counted>=3,전수측정에서 실수집 확인
presse-economie-gouv-fr,ok,sweep_2026-08-04 counted>=3,전수측정에서 실수집 확인
prism-go-kr-homepage,ok,sweep_2026-08-04 counted>=3,전수측정에서 실수집 확인
psi-ch-en,ok,sweep_2026-08-04 counted>=3,전수측정에서 실수집 확인
ptb-de-cms,ok,sweep_2026-08-04 counted>=3,전수측정에서 실수집 확인
publications-idiap-ch-publications,ok,sweep_2026-08-04 counted>=3,전수측정에서 실수집 확인
publichealthscotland-scot-publications,ok,probe counted=3,지금 fetch+파싱 정상
publicsafety-gc-ca-cnt,ok,repaired_2026-08-05 probe>=1,수리 후 재검증 통과
publicservice-govt-nz-data,ok,sweep_2026-08-04 counted>=3,전수측정에서 실수집 확인
publicservice-govt-nz-research-and-data,ok,sweep_2026-08-04 counted>=3,전수측정에서 실수집 확인
publikationen-bundesregierung-de-pp-de,ok,sweep_2026-08-04 counted>=3,전수측정에서 실수집 확인
pubs-drdc-rddc-gc-ca-basis,ok,sweep_2026-08-04 counted>=3,전수측정에서 실수집 확인
pubs-usgs-gov,ok,sweep_2026-08-04 counted>=3,전수측정에서 실수집 확인
pubshop-bmbwf-gv-at-indexphp,ok,sweep_2026-08-04 counted>=3,전수측정에서 실수집 확인
pure-mpg-de-search,ok,sweep_2026-08-04 counted>=3,전수측정에서 실수집 확인
rcaanc-cirnac-gc-ca-eng,ok,sweep_2026-08-04 counted>=3,전수측정에서 실수집 확인
rda-go-kr-board,ok,sweep_2026-08-04 counted>=3,전수측정에서 실수집 확인
rdr-kuleuven-be-dataverse,ok,probe counted=3,지금 fetch+파싱 정상
reglementation-controle-asnr-fr-information,ok,sweep_2026-08-04 counted>=3,전수측정에서 실수집 확인
regulation-govt-nz-about-us,ok,sweep_2026-08-04 counted>=3,전수측정에서 실수집 확인
repo-lib-duth-gr-jspui,ok,probe counted=3,지금 fetch+파싱 정상
reports-nlr-nl-collections,ok,probe counted=3,지금 fetch+파싱 정상
repository-cern-search,ok,probe counted=3,지금 fetch+파싱 정상
repository-lboro-ac-uk,ok,sweep_2026-08-04 counted>=3,전수측정에서 실수집 확인
repository-library-noaa-gov-view,ok,sweep_2026-08-04 counted>=3,전수측정에서 실수집 확인
repository-naturalis-nl,ok,sweep_2026-08-04 counted>=3,전수측정에서 실수집 확인
repository-tno-nl-doclist,ok,sweep_2026-08-04 counted>=3,전수측정에서 실수집 확인
research-collection-ethz-ch-search,ok,probe counted=3,지금 fetch+파싱 정상
research-imt-nord-europe-fr-news,ok,probe counted=3,지금 fetch+파싱 정상
research-thea-ie-browse,ok,probe counted=3,지금 fetch+파싱 정상
researchrepository-ul-ie-search,ok,probe counted=3,지금 fetch+파싱 정상
reseau-canope-fr-espace-presse,ok,sweep_2026-08-04 counted>=3,전수측정에서 실수집 확인
rfi-ac-uk-latest,ok,probe counted=3,지금 fetch+파싱 정상
rigsrevisionen-dk-revisionssager,ok,sweep_2026-08-04 counted>=3,전수측정에서 실수집 확인
rijksoverheid-nl-documenten,ok,repaired_2026-08-05 probe>=1,수리 후 재검증 통과
ris-bka-gv-at-ergebniswxe,ok,sweep_2026-08-04 counted>=3,전수측정에서 실수집 확인
rki-de-de,ok,sweep_2026-08-04 counted>=3,전수측정에서 실수집 확인
rosap-ntl-bts-gov-cbrowse,ok,probe counted=3,지금 fetch+파싱 정상
ruomoplus-lib-uom-gr-simple-search,ok,sweep_2026-08-04 counted>=3,전수측정에서 실수집 확인
saemangeum-go-kr-sda,ok,sweep_2026-08-04 counted>=3,전수측정에서 실수집 확인
safefood-net-news,ok,sweep_2026-08-04 counted>=3,전수측정에서 실수집 확인
salute-gov-it-new,ok,probe counted=3,지금 fetch+파싱 정상
samr-gov-cn-zw,ok,probe counted=3,지금 fetch+파싱 정상
sandia-gov-news,ok,probe counted=3,지금 fetch+파싱 정상
sante-gouv-fr-ministere,ok,probe counted=3,지금 fetch+파싱 정상
santepubliquefrance-fr-presse,ok,sweep_2026-08-04 counted>=3,전수측정에서 실수집 확인
sastind-gov-cn-n10086200,ok,sweep_2026-08-04 counted>=3,전수측정에서 실수집 확인
scaht-org-en,ok,sweep_2026-08-04 counted>=3,전수측정에서 실수집 확인
science-astron-nl-science-astron,ok,repaired_2026-08-05 probe>=1,수리 후 재검증 통과
science-libraries-canada-ca-eng,ok,sweep_2026-08-04 counted>=3,전수측정에서 실수집 확인
scourt-go-kr-portal,ok,sweep_2026-08-04 counted>=3,전수측정에서 실수집 확인
scp-nl-publicaties,ok,probe counted=3,지금 fetch+파싱 정상
search-nal-usda-gov-discovery,ok,probe counted=3,지금 fetch+파싱 정상
search-open-canada-ca-opendata,ok,sweep_2026-08-04 counted>=3,전수측정에서 실수집 확인
search-worldcat-org-ko,ok,sweep_2026-08-04 counted>=3,전수측정에서 실수집 확인
secihti-mx-sala-de-prensa,ok,probe counted=3,지금 fetch+파싱 정상
seco-admin-ch-seco,ok,sweep_2026-08-04 counted>=3,전수측정에서 실수집 확인
seer-cancer-gov-report_to_nation,ok,sweep_2026-08-04 counted>=3,전수측정에서 실수집 확인
sejong-go-kr-bbs,ok,sweep_2026-08-04 counted>=3,전수측정에서 실수집 확인
sfi-ch-en,ok,sweep_2026-08-04 counted>=3,전수측정에서 실수집 확인
sgu-se-en,ok,sweep_2026-08-04 counted>=3,전수측정에서 실수집 확인
si-re-kr-bbs,ok,sweep_2026-08-04 counted>=3,전수측정에서 실수집 확인
sib-swiss-community,ok,sweep_2026-08-04 counted>=3,전수측정에서 실수집 확인
sib-swiss-training,ok,sweep_2026-08-04 counted>=3,전수측정에서 실수집 확인
simula-no-publications,ok,probe counted=3,지금 fetch+파싱 정상
sintef-no-en,ok,sweep_2026-08-04 counted>=3,전수측정에서 실수집 확인
siseministeerium-ee-otsing,ok,probe counted=3,지금 fetch+파싱 정상
skillsdevelopmentscotland-co-uk-publications-statist,ok,sweep_2026-08-04 counted>=3,전수측정에서 실수집 확인
skm-dk-aktuelt,ok,sweep_2026-08-04 counted>=3,전수측정에서 실수집 확인
sm-dk-publikationer,ok,sweep_2026-08-04 counted>=3,전수측정에서 실수집 확인
sm-ee-otsing,ok,sweep_2026-08-04 counted>=3,전수측정에서 실수집 확인
sodha-be-dataverse,ok,probe counted=3,지금 fetch+파싱 정상
sonar-ch-global,ok,sweep_2026-08-04 counted>=3,전수측정에서 실수집 확인
sozialministerium-gv-at-services,ok,sweep_2026-08-04 counted>=3,전수측정에서 실수집 확인
spo-go-kr-site,ok,sweep_2026-08-04 counted>=3,전수측정에서 실수집 확인
srnl-gov-newsroom,ok,probe counted=3,지금 fetch+파싱 정상
stami-no-en,ok,probe counted=3,지금 fetch+파싱 정상
state-gov-department-reports,ok,sweep_2026-08-04 counted>=3,전수측정에서 실수집 확인
state-gov-press-releases,ok,probe counted=3,지금 fetch+파싱 정상
state-gwd-go-kr-portal,ok,sweep_2026-08-04 counted>=3,전수측정에서 실수집 확인
statistischebibliothek-de-mir,ok,probe counted=3,지금 fetch+파싱 정상
stats-govt-nz-indicators,ok,probe counted=3,지금 fetch+파싱 정상
stepi-re-kr-site,ok,sweep_2026-08-04 counted>=3,전수측정에서 실수집 확인
swisspeace-ch-publications,ok,sweep_2026-08-04 counted>=3,전수측정에서 실수집 확인
swisspolar-ch-expeditions,ok,probe counted=3,지금 fetch+파싱 정상
swisstph-ch-en,ok,sweep_2026-08-04 counted>=3,전수측정에서 실수집 확인
telemarksforsking-no-publikasjoner,ok,sweep_2026-08-04 counted>=3,전수측정에서 실수집 확인
toi-no-publications,ok,sweep_2026-08-04 counted>=3,전수측정에서 실수집 확인
transportation-gov-newsroom,ok,sweep_2026-08-04 counted>=3,전수측정에서 실수집 확인
transportes-gob-es-el-ministerio,ok,sweep_2026-08-04 counted>=3,전수측정에서 실수집 확인
treasury-gov-au-publication,ok,sweep_2026-08-04 counted>=3,전수측정에서 실수집 확인
treasury-govt-nz-publications,ok,sweep_2026-08-04 counted>=3,전수측정에서 실수집 확인
trm-dk-nyheder,ok,probe counted=3,지금 fetch+파싱 정상
ufm-dk-publikationer,ok,sweep_2026-08-04 counted>=3,전수측정에서 실수집 확인
ukdataservice-ac-uk-2026,ok,probe counted=3,지금 fetch+파싱 정상
ulsan-go-kr-u,ok,sweep_2026-08-04 counted>=3,전수측정에서 실수집 확인
um-dk-om-os,ok,sweep_2026-08-04 counted>=3,전수측정에서 실수집 확인
ungeneva-org-en,ok,sweep_2026-08-04 counted>=3,전수측정에서 실수집 확인
unidata-gv-at-pages,ok,repaired_2026-08-05 probe>=1,수리 후 재검증 통과
unikorea-go-kr-web,ok,sweep_2026-08-04 counted>=3,전수측정에서 실수집 확인
usgs-gov-news,ok,sweep_2026-08-04 counted>=3,전수측정에서 실수집 확인
ustat-mur-gov-it,ok,sweep_2026-08-04 counted>=3,전수측정에서 실수집 확인
uvek-admin-ch-en,ok,sweep_2026-08-04 counted>=3,전수측정에서 실수집 확인
va-gov-vetdata,ok,sweep_2026-08-04 counted>=3,전수측정에서 실수집 확인
vbs-admin-ch-en,ok,sweep_2026-08-04 counted>=3,전수측정에서 실수집 확인
vlaanderen-be-nieuwsberichten,ok,probe counted=3,지금 fetch+파싱 정상
vtg-admin-ch-en,ok,sweep_2026-08-04 counted>=3,전수측정에서 실수집 확인
wallonie-be-fr,ok,probe counted=3,지금 fetch+파싱 정상
waltoninstitute-ie-research,ok,probe counted=3,지금 fetch+파싱 정상
wbf-admin-ch-en,ok,probe counted=3,지금 fetch+파싱 정상
wef-infor-cl-indexphp,ok,sweep_2026-08-04 counted>=3,전수측정에서 실수집 확인
werk-belgie-be-nl,ok,sweep_2026-08-04 counted>=3,전수측정에서 실수집 확인
who-int-publications,ok,sweep_2026-08-04 counted>=3,전수측정에서 실수집 확인
wodc-nl-documenten,ok,probe counted=2,지금 fetch+파싱 정상
women-govt-nz-library,ok,sweep_2026-08-04 counted>=3,전수측정에서 실수집 확인
wti-org-research,ok,probe counted=3,지금 fetch+파싱 정상
www2-mrc-lmb-cam-ac-uk-research,ok,sweep_2026-08-04 counted>=3,전수측정에서 실수집 확인
www6-slac-stanford-edu-news-and-events,ok,sweep_2026-08-04 counted>=3,전수측정에서 실수집 확인
xxgk-mot-gov-cn-2020,ok,sweep_2026-08-04 counted>=3,전수측정에서 실수집 확인
yme-gr-2013-01-31-06-37-23,ok,probe counted=3,지금 fetch+파싱 정상
ypen-gov-gr-category,ok,sweep_2026-08-04 counted>=3,전수측정에서 실수집 확인
ypes-gr-category,ok,sweep_2026-08-04 counted>=3,전수측정에서 실수집 확인
andra-fr-publications,pdf_artifact,probe counted=0,PDF의존 크롤러 — count-only 가드 탓 0일 수 있음(측정한계). 실수집으로만 확진 가능
astro-oma-be-en,pdf_artifact,probe counted=0,PDF의존 크롤러 — count-only 가드 탓 0일 수 있음(측정한계). 실수집으로만 확진 가능
baw-de-en,pdf_artifact,probe counted=0,PDF의존 크롤러 — count-only 가드 탓 0일 수 있음(측정한계). 실수집으로만 확진 가능
bmv-de-en,pdf_artifact,probe counted=0,PDF의존 크롤러 — count-only 가드 탓 0일 수 있음(측정한계). 실수집으로만 확진 가능
bordbia-ie-about,pdf_artifact,probe counted=0,PDF의존 크롤러 — count-only 가드 탓 0일 수 있음(측정한계). 실수집으로만 확진 가능
cells-es-en,pdf_artifact,probe counted=0,PDF의존 크롤러 — count-only 가드 탓 0일 수 있음(측정한계). 실수집으로만 확진 가능
cnl-ca-news-publications,pdf_artifact,probe counted=0,PDF의존 크롤러 — count-only 가드 탓 0일 수 있음(측정한계). 실수집으로만 확진 가능
english-mee-gov-cn-resources,pdf_artifact,probe counted=0,PDF의존 크롤러 — count-only 가드 탓 0일 수 있음(측정한계). 실수집으로만 확진 가능
eprr-lanl-gov,pdf_artifact,probe counted=0,PDF의존 크롤러 — count-only 가드 탓 0일 수 있음(측정한계). 실수집으로만 확진 가능
ethniccommunities-govt-nz-resources,pdf_artifact,probe counted=0,PDF의존 크롤러 — count-only 가드 탓 0일 수 있음(측정한계). 실수집으로만 확진 가능
genomecanada-ca-about,pdf_artifact,probe counted=0,PDF의존 크롤러 — count-only 가드 탓 0일 수 있음(측정한계). 실수집으로만 확진 가능
hea-ie-resources,pdf_artifact,probe counted=0,PDF의존 크롤러 — count-only 가드 탓 0일 수 있음(측정한계). 실수집으로만 확진 가능
netl-doe-gov-advsearch,pdf_artifact,probe counted=0,PDF의존 크롤러 — count-only 가드 탓 0일 수 있음(측정한계). 실수집으로만 확진 가능
noc-ac-uk-about-us,pdf_artifact,probe counted=0,PDF의존 크롤러 — count-only 가드 탓 0일 수 있음(측정한계). 실수집으로만 확진 가능
pbocri-org-cn-lnzy3html,pdf_artifact,probe counted=0,PDF의존 크롤러 — count-only 가드 탓 0일 수 있음(측정한계). 실수집으로만 확진 가능
transport-govt-nz-documents-and-public,pdf_artifact,probe counted=0,PDF의존 크롤러 — count-only 가드 탓 0일 수 있음(측정한계). 실수집으로만 확진 가능
academie-sciences-fr-espace-presse,slow_unknown,probe timeout(300s),5분 내 1건도 못 저장 — 매우 느리거나 고장
anses-fr-fr,slow_unknown,probe timeout(300s),5분 내 1건도 못 저장 — 매우 느리거나 고장
ehesp-fr-espace-presse,slow_unknown,probe timeout(300s),5분 내 1건도 못 저장 — 매우 느리거나 고장
en-ndrc-gov-cn-policies,slow_unknown,probe timeout(300s),5분 내 1건도 못 저장 — 매우 느리거나 고장
forskningsradet-no-om-forskningsradet,slow_unknown,probe timeout(300s),5분 내 1건도 못 저장 — 매우 느리거나 고장
garda-ie-en,slow_unknown,probe timeout(300s),5분 내 1건도 못 저장 — 매우 느리거나 고장
ineris-fr-fr,slow_unknown,probe timeout(300s),5분 내 1건도 못 저장 — 매우 느리거나 고장
insee-fr-fr,slow_unknown,probe timeout(300s),5분 내 1건도 못 저장 — 매우 느리거나 고장
met-no-publikasjoner,slow_unknown,probe timeout(300s),5분 내 1건도 못 저장 — 매우 느리거나 고장
nec-go-kr-site,slow_unknown,probe timeout(300s),5분 내 1건도 못 저장 — 매우 느리거나 고장
provenienzforschung-gv-at-empfehlungen-des-bei,slow_unknown,probe timeout(300s),5분 내 1건도 못 저장 — 매우 느리거나 고장
socialstyrelsen-se-en,slow_unknown,probe timeout(300s),5분 내 1건도 못 저장 — 매우 느리거나 고장
stat-inst-se-om-sis,slow_unknown,probe timeout(300s),5분 내 1건도 못 저장 — 매우 느리거나 고장
tigta-gov-reports,slow_unknown,probe timeout(300s),5분 내 1건도 못 저장 — 매우 느리거나 고장
transformation-gouv-fr-espace-presse,slow_unknown,probe timeout(300s),5분 내 1건도 못 저장 — 매우 느리거나 고장
