site_id,site_name,status,category,reason,collected
academie-sciences-fr-espace-presse,Custom: academie-sciences-fr-espace-presse,된다,,,68
accc-gov-au-about-us,Custom: accc-gov-au-about-us,된다,,,502
accc-gov-au-search,Custom: accc-gov-au-search,된다,,,454
acma-gov-au-publications,Australian Communications and Media Authority — Publications,된다,,,316
acpr-banque-france-fr-fr,Custom: acpr-banque-france-fr-fr,된다,,,225
adaptcentre-ie-research,Custom: adaptcentre-ie-research,된다,,,206
adruk-org-news-publications,Custom: adruk-org-news-publications,된다,,,210
afd-fr-fr,Custom: afd-fr-fr,된다,,,797
afp-gov-au-news-centre,Custom: afp-gov-au-news-centre,된다,,,432
afp-gov-au-search,Custom: afp-gov-au-search,된다,,,49
africamuseum-be-en,Custom: africamuseum-be-en,된다,,,52
ag-gov-au-publications,Attorney-General's Department — Publications,된다,,,607
agri-ee-ministeerium-uudised,Custom: agri-ee-ministeerium-uudised,된다,,,122
agriculture-gouv-fr-recherche-developpem,Custom: agriculture-gouv-fr-recherche-developpem,된다,,,472
alrc-gov-au-publications,Custom: alrc-gov-au-publications,된다,,,116
ameslab-gov-news,Custom: ameslab-gov-news,된다,,,394
amf-france-org-fr,Custom: amf-france-org-fr,된다,,,157
ami-swiss-en,Custom: ami-swiss-en,된다,,,558
amolf-nl-publications,Custom: amolf-nl-publications,된다,,,512
amu-hal-science-search,Custom: amu-hal-science-search,된다,,,3048
andra-fr-publications,Custom: andra-fr-publications,안된다,수리(코드),사이트는 정상응답인데 파싱 0 — 셀렉터/방식 코드 수리 필요,1
anr-hal-science-search,Custom: anr-hal-science-search,된다,,,363
anses-fr-fr,Custom: anses-fr-fr,된다,,,6091
ansto-gov-au-search,Custom: ansto-gov-au-search,된다,,,30
app-mps-gov-cn-gdnps,Custom: app-mps-gov-cn-gdnps,된다,,,501
apra-gov-au-statistics,Custom: apra-gov-au-statistics,된다,,,75
arcep-fr-actualites,Custom: arcep-fr-actualites,된다,,,34
archives-nationales-culture-gouv-fr-presse,Custom: archives-nationales-culture-gouv-fr-presse,된다,,,15
arcnl-nl-publications,Custom: arcnl-nl-publications,된다,,,11
arcom-fr-presse,Custom: arcom-fr-presse,된다,,,290
arn-se-om-arn,Custom: arn-se-om-arn,된다,,,80
arrow-tudublin-ie-creaart,Custom: arrow-tudublin-ie-creaart,된다,,,229
artsetmetiers-fr-fr,Custom: artsetmetiers-fr-fr,된다,,,222
artsetmetiers-hal-science-search,Custom: artsetmetiers-hal-science-search,된다,,,86
asiapacific-ca-media,Custom: asiapacific-ca-media,된다,,,50
asn-fr-information,Custom: asn-fr-information,된다,,,19
astro-oma-be-en,Custom: astro-oma-be-en,된다,,,22
astron-nl-about,Custom: astron-nl-about,된다,,,57
audencia-com-lecole,Custom: audencia-com-lecole,된다,,,246
auri-re-kr-boardes,Custom: auri-re-kr-boardes,된다,,,260
auri-re-kr-publication,Custom: auri-re-kr-publication,된다,,,593
auswaertiges-amt-de-de,Custom: auswaertiges-amt-de-de,된다,,,224
auswaertiges-amt-de-en,Custom: auswaertiges-amt-de-en,된다,,,526
avoindata-suomi-fi-data,Custom: avoindata-suomi-fi-data,된다,,,154
babraham-ac-uk-news,Custom: babraham-ac-uk-news,된다,,,483
bam-de-navigation,Custom: bam-de-navigation,된다,,,308
bankofcanada-ca-publications,Custom: bankofcanada-ca-publications,된다,,,27
banque-france-fr-en,Custom: banque-france-fr-en,된다,,,530
baw-de-en,Custom: baw-de-en,된다,,,14
bdap-opendata-rgs-mef-gov-it-catalog,Custom: bdap-opendata-rgs-mef-gov-it-catalog,된다,,,360
benthamscience-com-press-release,Custom: benthamscience-com-press-release,된다,,,191
bfe-admin-ch-bfe,Custom: bfe-admin-ch-bfe,된다,,,1002
bfr-bund-de-en,Custom: bfr-bund-de-en,된다,,,23
bfs-admin-ch-bfs,Custom: bfs-admin-ch-bfs,된다,,,384
biblio-naturalsciences-be-rbins-publications,Custom: biblio-naturalsciences-be-rbins-publications,된다,,,500
biorbic-com-publications,Custom: biorbic-com-publications,된다,,,497
bj-admin-ch-bj,Custom: bj-admin-ch-bj,된다,,,41
bjerknes-uib-no-en,Custom: bjerknes-uib-no-en,된다,,,214
bm-dk-soeg,Custom: bm-dk-soeg,된다,,,88
bmas-de-de,Custom: bmas-de-de,된다,,,454
bmbfsfj-bund-de-bmbfsfj,Custom: bmbfsfj-bund-de-bmbfsfj,된다,,,502
bmds-bund-de-aktuelles,Custom: bmds-bund-de-aktuelles,된다,,,79
bmf-gv-at-ministerium,Custom: bmf-gv-at-ministerium,된다,,,36
bmftr-bund-de-siteglobals,Custom: bmftr-bund-de-siteglobals,된다,,,197
bmi-gv-at-114,Custom: bmi-gv-at-114,된다,,,76
bmimi-gv-at-themen,Custom: bmimi-gv-at-themen,된다,,,18
bmj-gv-at-ministerium,Custom: bmj-gv-at-ministerium,된다,,,149
bmleh-de-en,Custom: bmleh-de-en,된다,,,26
bmleh-de-siteglobals,Custom: bmleh-de-siteglobals,된다,,,200
bmluk-gv-at-service,Custom: bmluk-gv-at-service,된다,,,315
bmlv-gv-at-wissen-forschung,Custom: bmlv-gv-at-wissen-forschung,된다,,,18
bmv-de-en,Custom: bmv-de-en,된다,,,11
bmvg-de-en,Custom: bmvg-de-en,된다,,,20
bmwet-gv-at-services,Custom: bmwet-gv-at-services,된다,,,89
bmwkms-gv-at-themen,Custom: bmwkms-gv-at-themen,된다,,,41
bmwsb-bund-de-de,Custom: bmwsb-bund-de-de,된다,,,20
bmz-de-de,Custom: bmz-de-de,된다,,,6
bnf-fr-fr,Custom: bnf-fr-fr,된다,,,488
bok-or-kr-portal,Custom: bok-or-kr-portal,된다,,,430
book-ioj-go-kr-library,Custom: book-ioj-go-kr-library,된다,,,500
bordbia-ie-about,Custom: bordbia-ie-about,안된다,IP차단,"우리 IP 차단(403/WAF) — 클라이언트 egress에서 재확인 필요, 코드문제 아님",20
boverket-se-en,Custom: boverket-se-en,된다,,,9
bra-se-english,Custom: bra-se-english,된다,,,306
brgm-fr-fr,Custom: brgm-fr-fr,된다,,,234
broadbentinstitute-ca-research,Custom: broadbentinstitute-ca-research,된다,,,81
brsn-net-list,Custom: brsn-net-list,된다,,,500
budget-canada-ca-home-accueil-enhtml,Custom: budget-canada-ca-home-accueil-enhtml,된다,,,17
bundesfinanzministerium-de-web,Custom: bundesfinanzministerium-de-web,된다,,,112
bundesgesundheitsministerium-de-service,Custom: bundesgesundheitsministerium-de-service,된다,,,229
bundeskanzleramt-gv-at-bundeskanzleramt,Custom: bundeskanzleramt-gv-at-bundeskanzleramt,된다,,,480
bundesumweltministerium-de-en,Custom: bundesumweltministerium-de-en,된다,,,7
busan-go-kr-nbtnewsbu,Custom: busan-go-kr-nbtnewsbu,된다,,,537
business-sweden-com-about-us,Custom: business-sweden-com-about-us,된다,,,94
cac-gov-cn-hdfw,Custom: cac-gov-cn-hdfw,된다,,,89
cae-eco-fr-presse-cae-0,Custom: cae-eco-fr-presse-cae-0,된다,,,64
caissedesdepots-fr-communiques-de-press,Custom: caissedesdepots-fr-communiques-de-press,된다,,,1201
caitec-org-cn-n6,Custom: caitec-org-cn-n6,된다,,,62
canada-ca-en,Custom: canada-ca-en,된다,,,948
cancer-fr-catalogue-des-public,Custom: cancer-fr-catalogue-des-public,된다,,,12
cancer-fr-presse,Custom: cancer-fr-presse,된다,,,110
cancer-gov-about-nci,Custom: cancer-gov-about-nci,된다,,,24
canurb-org-publications,Custom: canurb-org-publications,된다,,,92
carabinieri-it-in-vostro-aiuto,Custom: carabinieri-it-in-vostro-aiuto,된다,,,301
casseng-cssn-cn-sky_research,Custom: casseng-cssn-cn-sky_research,된다,,,8
catalog-data-metro-tokyo-lg-jp-dataset,Custom: catalog-data-metro-tokyo-lg-jp-dataset,된다,,,492
catalogue-data-govt-nz-dataset,Custom: catalogue-data-govt-nz-dataset,된다,,,85
cc-nih-gov-research,Custom: cc-nih-gov-research,된다,,,199
cdhowe-org-research-insights,Custom: cdhowe-org-research-insights,된다,,,344
cds-cern-ch-collection,Custom: cds-cern-ch-collection,된다,,,505
cea-hal-science-cnrgh,Custom: cea-hal-science-cnrgh,된다,,,759
cedelft-eu-reports,Custom: cedelft-eu-reports,된다,,,500
cells-es-en,Custom: cells-es-en,된다,,,11
centralbank-ie-publication,Custom: centralbank-ie-publication,된다,,,26
centralesupelec-fr-presse,Custom: centralesupelec-fr-presse,된다,,,51
cepii-fr-cepii,Custom: cepii-fr-cepii,된다,,,540
cer-rec-gc-ca-en,Custom: cer-rec-gc-ca-en,된다,,,175
cerema-fr-fr,Custom: cerema-fr-fr,된다,,,231
chinatax-gov-cn-chinatax,Custom: chinatax-gov-cn-chinatax,된다,,,6
chineseafs-org-ckynewsmgr,Custom: chineseafs-org-ckynewsmgr,안된다,폐쇄/네트워크,사이트 폐쇄/네트워크 불통(DNS·연결 실패),30
chungnam-go-kr-cnportal,Custom: chungnam-go-kr-cnportal,된다,,,425
cigionline-org-publications,Custom: cigionline-org-publications,된다,,,500
cirad-fr-espace-presse,Custom: cirad-fr-espace-presse,된다,,,360
civilprotection-gov-gr-deltia-tupou,Custom: civilprotection-gov-gr-deltia-tupou,된다,,,500
climateinstitute-ca-newsroom,Custom: climateinstitute-ca-newsroom,된다,,,110
cmi-no-publications,Custom: cmi-no-publications,된다,,,346
cnam-hal-science-ceet,Custom: cnam-hal-science-ceet,된다,,,279
cnam-hal-science-search,Custom: cnam-hal-science-search,된다,,,975
cnes-fr-communiques,Custom: cnes-fr-communiques,된다,,,119
cnic-es-en,Custom: cnic-es-en,된다,,,419
cnipa-gov-cn-col,Custom: cnipa-gov-cn-col,된다,,,213
cnl-ca-news-publications,Custom: cnl-ca-news-publications,된다,,,137
college-de-france-fr-en,Custom: college-de-france-fr-en,된다,,,105
comptroller-defense-gov-odcfo,Custom: comptroller-defense-gov-odcfo,된다,,,24
comwel-or-kr-comwel,Custom: comwel-or-kr-comwel,된다,,,471
consult-environment-govt-nz-climate,Custom: consult-environment-govt-nz-climate,된다,,,72
consult-environment-govt-nz-resource-management,Custom: consult-environment-govt-nz-resource-management,된다,,,58
consult-environment-govt-nz-waste,Custom: consult-environment-govt-nz-waste,된다,,,58
cora-ucc-ie-search,Custom: cora-ucc-ie-search,된다,,,439
cpb-nl-en,Custom: cpb-nl-en,된다,,,371
cre-fr-documents,Custom: cre-fr-documents,된다,,,27
csem-ch-en,Custom: csem-ch-en,된다,,,168
csic-es-es,Custom: csic-es-es,된다,,,25
cso-ie-en,Custom: cso-ie-en,안된다,점검필요,"과거 수집데이터 있음, 일시적/셀렉터 의심 — 점검 필요",388
csrc-gov-cn-csrc_en,Custom: csrc-gov-cn-csrc_en,된다,,,9
cstb-fr-communiques-de-press,Custom: cstb-fr-communiques-de-press,된다,,,48
culture-gouv-fr-espace-documentation,Custom: culture-gouv-fr-espace-documentation,된다,,,304
cwf-ca-publications,Custom: cwf-ca-publications,된다,,,228
daejeon-go-kr-drh,Custom: daejeon-go-kr-drh,된다,,,473
dair-dias-ie-cgi,Custom: dair-dias-ie-cgi,된다,,,500
dapa-go-kr-dapa,Custom: dapa-go-kr-dapa,안된다,IP차단,"우리 IP 차단(403/WAF) — 클라이언트 egress에서 재확인 필요, 코드문제 아님",970
data-aeronomie-be-dataset,Custom: data-aeronomie-be-dataset,된다,,,33
data-biodiversity-be-dataset,Custom: data-biodiversity-be-dataset,된다,,,524
data-busan-go-kr-bdip,Custom: data-busan-go-kr-bdip,된다,,,2022
data-e-gov-go-jp-data,Custom: data-e-gov-go-jp-data,된다,,,1392
data-gouv-fr-organizations,Custom: data-gouv-fr-organizations,된다,,,200
data-gov-au-data,Custom: data-gov-au-data,된다,,,500
data-gov-be-nl,Custom: data-gov-be-nl,된다,,,132
data-gov-uk-search,Custom: data-gov-uk-search,된다,,,488
data-gv-at-datasets,Custom: data-gv-at-datasets,된다,,,400
data-mfe-govt-nz-documents,Custom: data-mfe-govt-nz-documents,된다,,,21
data-mfe-govt-nz-tables,Custom: data-mfe-govt-nz-tables,된다,,,435
data-nasa-gov-dataset,Custom: data-nasa-gov-dataset,된다,,,4474
data-nist-gov-sdp,Custom: data-nist-gov-sdp,된다,,,50
data-statistik-gv-at-web,Custom: data-statistik-gv-at-web,된다,,,500
data-taltech-ee-search,Custom: data-taltech-ee-search,된다,,,92
datacatalogue-adruk-org-browser,Custom: datacatalogue-adruk-org-browser,된다,,,484
daten-berlin-de-datensaetze,Custom: daten-berlin-de-datensaetze,된다,,,250
datenportal-bmbf-de-portal,Custom: datenportal-bmbf-de-portal,된다,,,75
datos-gob-cl-dataset,Custom: datos-gob-cl-dataset,된다,,,21
datos-gob-mx-agricultura,Custom: datos-gob-mx-agricultura,된다,,,85
datos-gob-mx-cultura,Custom: datos-gob-mx-cultura,된다,,,114
datos-gob-mx-dataset,Custom: datos-gob-mx-dataset,된다,,,97
datos-gob-mx-presupuesto,Custom: datos-gob-mx-presupuesto,된다,,,108
datos-gob-mx-secretaria-salud,Custom: datos-gob-mx-secretaria-salud,된다,,,9
datos-gob-mx-secretaria-trabajo,Custom: datos-gob-mx-secretaria-trabajo,된다,,,16
datos-gob-mx-seguridad,Custom: datos-gob-mx-seguridad,된다,,,27
datos-gob-mx-territorio,Custom: datos-gob-mx-territorio,된다,,,16
datos-gob-mx-turismo,Custom: datos-gob-mx-turismo,된다,,,4
defence-gov-au-publications,Department of Defence (Australia) — Publications,된다,,,80
defence-govt-nz-publications,Custom: defence-govt-nz-publications,된다,,,431
defensa-gob-es-gabinete,Custom: defensa-gob-es-gabinete,된다,,,421
defense-gouv-fr-salle-de-presse,Custom: defense-gouv-fr-salle-de-presse,된다,,,1980
defense-gov-news,Custom: defense-gov-news,된다,,,546
deltares-nl-en,Custom: deltares-nl-en,된다,,,155
dfat-gov-au-publications,Department of Foreign Affairs and Trade — Publications,된다,,,324
dhs-gov-congressional-approp,Custom: dhs-gov-congressional-approp,된다,,,638
dhs-gov-news-releases,Custom: dhs-gov-news-releases,된다,,,79
dhs-gov-publication,Custom: dhs-gov-publication,된다,,,29
dia-govt-nz-diawebsitensf,Custom: dia-govt-nz-diawebsitensf,된다,,,28
didaktorika-gr-eadd,Custom: didaktorika-gr-eadd,된다,,,118
difesa-it-il-ministro,Custom: difesa-it-il-ministro,된다,,,101
differ-nl-publications,Custom: differ-nl-publications,된다,,,198
digital-gob-es-comunicacion,Custom: digital-gob-es-comunicacion,된다,,,416
diplomatie-gouv-fr-en,Custom: diplomatie-gouv-fr-en,된다,,,551
directives-doe-gov-directives-browse,Custom: directives-doe-gov-directives-browse,된다,,,205
directives-doe-gov-guidance,Custom: directives-doe-gov-guidance,된다,,,260
doaj-org-search,Custom: doaj-org-search,된다,,,1417
doc-cerema-fr-default,Custom: doc-cerema-fr-default,안된다,폐쇄/네트워크,사이트 폐쇄/네트워크 불통(DNS·연결 실패),697
doi-gov-bpp,Custom: doi-gov-bpp,된다,,,204
dol-gov-newsroom,Custom: dol-gov-newsroom,된다,,,275
doras-dcu-ie-view,Custom: doras-dcu-ie-view,된다,,,2229
dpmc-govt-nz-publications,Custom: dpmc-govt-nz-publications,된다,,,571
drc-gov-cn-leafaspx,Custom: drc-gov-cn-leafaspx,된다,,,555
drugsandalcohol-ie-cgi,Custom: drugsandalcohol-ie-cgi,된다,,,500
dspace-emu-ee-search,Custom: dspace-emu-ee-search,된다,,,500
dspace-ut-ee-search,Custom: dspace-ut-ee-search,된다,,,125
dst-dk-da,Custom: dst-dk-da,된다,,,408
dtic-dimensions-ai-discover,Custom: dtic-dimensions-ai-discover,된다,,,500
e-stat-go-jp-stat-search,Custom: e-stat-go-jp-stat-search,된다,,,1018
earlham-ac-uk-newsroom,Custom: earlham-ac-uk-newsroom,된다,,,278
earth-prints-org,Custom: earth-prints-org,된다,,,796
ec-lyon-hal-science-search,Custom: ec-lyon-hal-science-search,된다,,,222
ecat-ga-gov-au-geonetwork,Custom: ecat-ga-gov-au-geonetwork,된다,,,796
ecologie-gouv-fr-presse,Custom: ecologie-gouv-fr-presse,된다,,,4049
economie-fgov-be-nl,Custom: economie-fgov-be-nl,된다,,,138
economy-ni-gov-uk-news,Custom: economy-ni-gov-uk-news,된다,,,500
economy-ni-gov-uk-publications,Custom: economy-ni-gov-uk-publications,된다,,,583
ed-gov-about,Custom: ed-gov-about,된다,,,224
eda-admin-ch-eda,Custom: eda-admin-ch-eda,된다,,,12
edi-admin-ch-de,Custom: edi-admin-ch-de,된다,,,360
edoc-rki-de-handle,Custom: edoc-rki-de-handle,된다,,,20
educacionfpydeportes-gob-es-prensahtml,Custom: educacionfpydeportes-gob-es-prensahtml,된다,,,347
education-govt-nz-our-work,Custom: education-govt-nz-our-work,된다,,,34
education-govt-nz-search,Custom: education-govt-nz-search,된다,,,66
education-ni-gov-uk-news,Custom: education-ni-gov-uk-news,된다,,,503
edx-netl-doe-gov-group,Custom: edx-netl-doe-gov-group,된다,,,100
efd-admin-ch-en,Custom: efd-admin-ch-en,된다,,,500
efk-admin-ch-fr,Custom: efk-admin-ch-fr,된다,,,26
ehesp-fr-espace-presse,Custom: ehesp-fr-espace-presse,된다,,,127
ehess-hal-science-search,Custom: ehess-hal-science-search,된다,,,429
ejournals-epublishing-ekt-gr-indexphp,Custom: ejournals-epublishing-ekt-gr-indexphp,된다,,,474
elocus-lib-uoc-gr-search,Custom: elocus-lib-uoc-gr-search,된다,,,282
em-dk-aktuelt,Custom: em-dk-aktuelt,된다,,,350
em-lyon-com-en,Custom: em-lyon-com-en,된다,,,348
emep-int-mscw,Custom: emep-int-mscw,된다,,,213
emsl-pnnl-gov-science,Custom: emsl-pnnl-gov-science,된다,,,6
en-ird-fr-sections,Custom: en-ird-fr-sections,된다,,,84
en-iwhr-cn-iwhr-english-new,Custom: en-iwhr-cn-iwhr-english-new,안된다,IP차단,"우리 IP 차단(403/WAF) — 클라이언트 egress에서 재확인 필요, 코드문제 아님",458
en-moj-gov-cn-lawsandregulationsht,Custom: en-moj-gov-cn-lawsandregulationsht,된다,,,15
en-ndrc-gov-cn-policies,Custom: en-ndrc-gov-cn-policies,된다,,,52
en-nhc-gov-cn-publicationshtml,Custom: en-nhc-gov-cn-publicationshtml,된다,,,9
en-nim-ac-cn-taxonomy,Custom: en-nim-ac-cn-taxonomy,된다,,,303
enac-hal-science-search,Custom: enac-hal-science-search,된다,,,549
enc-hal-science-search,Custom: enc-hal-science-search,된다,,,509
energy-gov-management,Custom: energy-gov-management,된다,,,388
energy-gov-open-government,Custom: energy-gov-open-government,된다,,,10
energy-gov-search,Custom: energy-gov-search,된다,,,191
eng-mod-gov-cn-2025xb,Custom: eng-mod-gov-cn-2025xb,된다,,,10
english-cnipa-gov-cn-col,Custom: english-cnipa-gov-cn-col,된다,,,353
english-mee-gov-cn-resources,Custom: english-mee-gov-cn-resources,된다,,,20
english-www-gov-cn-archive,Custom: english-www-gov-cn-archive,된다,,,506
enpc-hal-science-search,Custom: enpc-hal-science-search,된다,,,741
ens-hal-science-search,Custom: ens-hal-science-search,된다,,,18340
ens-lyon-fr-lecole,Custom: ens-lyon-fr-lecole,된다,,,154
ens-lyon-hal-science-search,Custom: ens-lyon-hal-science-search,된다,,,1343
enscp-hal-science-search,Custom: enscp-hal-science-search,된다,,,3517
enssib-hal-science-search,Custom: enssib-hal-science-search,된다,,,12
environment-govt-nz-acts-and-regulations,Custom: environment-govt-nz-acts-and-regulations,된다,,,315
environment-govt-nz-publications,Custom: environment-govt-nz-publications,된다,,,249
environment-govt-nz-what-you-can-do,Custom: environment-govt-nz-what-you-can-do,된다,,,58
envt-hal-science-search,Custom: envt-hal-science-search,된다,,,1063
epa-ie-news-releases,Custom: epa-ie-news-releases,된다,,,120
eprints-imtlucca-it-cgi,Custom: eprints-imtlucca-it-cgi,된다,,,1461
eprints-soton-ac-uk-view,Custom: eprints-soton-ac-uk-view,된다,,,259
eprr-lanl-gov,Custom: eprr-lanl-gov,안된다,수리(코드),사이트는 정상응답인데 파싱 0 — 셀렉터/방식 코드 수리 필요,367
espci-hal-science-search,Custom: espci-hal-science-search,된다,,,22
esri-ie-publications,Custom: esri-ie-publications,된다,,,531
esteri-it-it,Custom: esteri-it-it,된다,,,5533
etera-ee-browse,Custom: etera-ee-browse,된다,,,100403
ethniccommunities-govt-nz-resources,Custom: ethniccommunities-govt-nz-resources,안된다,IP차단,"우리 IP 차단(403/WAF) — 클라이언트 egress에서 재확인 필요, 코드문제 아님",85
ethz-ch-de,Custom: ethz-ch-de,된다,,,203
etis-ee-portal,Custom: etis-ee-portal,된다,,,138
exteriores-gob-es-en,Custom: exteriores-gob-es-en,된다,,,55
fafo-no-en,Custom: fafo-no-en,된다,,,322
fair-healthdata-be-search,Custom: fair-healthdata-be-search,된다,,,10
federalregister-gov-documents,Custom: federalregister-gov-documents,된다,,,5957
fhi-no-en,Custom: fhi-no-en,된다,,,255
fi-se-en,Custom: fi-se-en,된다,,,122
fibl-org-en,Custom: fibl-org-en,안된다,점검필요,"과거 수집데이터 있음, 일시적/셀렉터 의심 — 점검 필요",539
finance-ni-gov-uk-publications,Custom: finance-ni-gov-uk-publications,된다,,,336
flore-unifi-it,Custom: flore-unifi-it,된다,,,14038
fm-dk-udgivelser,Custom: fm-dk-udgivelser,된다,,,100
fmi-ch-research,Custom: fmi-ch-research,된다,,,818
fmn-dk-da,Custom: fmn-dk-da,된다,,,848
forest-go-kr-kfsweb,Custom: forest-go-kr-kfsweb,된다,,,931
forskningsradet-no-om-forskningsradet,Custom: forskningsradet-no-om-forskningsradet,된다,,,356
frontiersin-org-articles,Custom: frontiersin-org-articles,된다,,,1230
fss-or-kr-fss,Custom: fss-or-kr-fss,된다,,,500
ftc-go-kr-www,Custom: ftc-go-kr-www,된다,,,694
futureneurocentre-ie-our-research,Custom: futureneurocentre-ie-our-research,된다,,,455
ga-gov-au-data-pubs,Custom: ga-gov-au-data-pubs,된다,,,2243
garda-ie-en,Custom: garda-ie-en,된다,,,94
gb-go-kr-sub,Custom: gb-go-kr-sub,된다,,,406
gcsp-ch-publications,Custom: gcsp-ch-publications,된다,,,176
genome-gov-about-nhgri,Custom: genome-gov-about-nhgri,된다,,,42
genomecanada-ca-about,Custom: genomecanada-ca-about,된다,,,50
geoportal-statistics-gov-uk-search,Custom: geoportal-statistics-gov-uk-search,된다,,,346
gi-re-kr-home,Custom: gi-re-kr-home,된다,,,452
gichd-org-publications-resourc,Custom: gichd-org-publications-resourc,된다,,,266
github-com-orgs,Custom: github-com-orgs,된다,,,91
gnews-gg-go-kr-briefing,Custom: gnews-gg-go-kr-briefing,된다,,,500
gnewsonline-it-category,Custom: gnewsonline-it-category,된다,,,343
go-griffith-ie-browse,Custom: go-griffith-ie-browse,된다,,,1111
gob-mx-agricultura,gob.mx Archivo de Prensa — Agriculture,된다,,,729
gob-mx-bienestar,gob.mx Archivo de Prensa — Welfare,된다,,,729
gob-mx-buengobierno,gob.mx Archivo de Prensa — Good governance,된다,,,771
gob-mx-defensa,gob.mx Archivo de Prensa — Defense,된다,,,756
gob-mx-mujeres,gob.mx Archivo de Prensa — Women,된다,,,270
gob-mx-salud,gob.mx Archivo de Prensa — Health,된다,,,765
gob-mx-se,gob.mx Archivo de Prensa — Economy,된다,,,762
gob-mx-sectur,gob.mx Archivo de Prensa — Tourism,된다,,,765
gob-mx-sedatu,gob.mx Archivo de Prensa — Territorial development,된다,,,756
gob-mx-segob,gob.mx Archivo de Prensa — Interior,된다,,,747
gob-mx-semar,gob.mx Archivo de Prensa — Navy,된다,,,783
gob-mx-semarnat,gob.mx Archivo de Prensa — Environment and Natural Resources,된다,,,774
gob-mx-sep,gob.mx Archivo de Prensa — Public Education,된다,,,774
gob-mx-shcp,gob.mx Archivo de Prensa — Finance and Public Credit,된다,,,762
gob-mx-sict,gob.mx Archivo de Prensa — Communications and Transportation,된다,,,747
gob-mx-sre,gob.mx Archivo de Prensa — Foreign Affairs,된다,,,774
gob-mx-sspc,gob.mx Archivo de Prensa — Security and Citizen Protection,된다,,,773
gob-mx-stps,gob.mx Archivo de Prensa — Labor and Social Security,된다,,,748
gov-gr-search,Custom: gov-gr-search,된다,,,489
gov-ie-en,Custom: gov-ie-en,된다,,,780
gov-il-collectors,gov.il — Israeli Ministry News & Publications,된다,,,708
gov-scot-publications,Custom: gov-scot-publications,된다,,,1024
gov-scot-statistics-and-resea,Custom: gov-scot-statistics-and-resea,된다,,,353
gov-uk-search,Custom: gov-uk-search,된다,,,862
gov-wales-publications,Custom: gov-wales-publications,된다,,,155
government-se-publications,Government Offices of Sweden — Publications,된다,,,465
graduateinstitute-ch-library,Custom: graduateinstitute-ch-library,된다,,,398
gri-re-kr-web,Custom: gri-re-kr-web,된다,,,516
gsi-ie-en-ie,Custom: gsi-ie-en-ie,안된다,IP차단,"우리 IP 차단(403/WAF) — 클라이언트 egress에서 재확인 필요, 코드문제 아님",113
gwangju-go-kr-boardlistdo,Custom: gwangju-go-kr-boardlistdo,된다,,,500
gyeongnam-go-kr-board,Custom: gyeongnam-go-kr-board,된다,,,190
hal-science-afd,Custom: hal-science-afd,된다,,,59
hal-science-ign-ensg,Custom: hal-science-ign-ensg,된다,,,3288
harcresearch-org-news,Custom: harcresearch-org-news,된다,,,240
harcresearch-org-research,Custom: harcresearch-org-research,된다,,,41
hatvp-fr-actualites-et-public,Custom: hatvp-fr-actualites-et-public,된다,,,57
hautconseilclimat-fr-ressources-pedagogiq,Custom: hautconseilclimat-fr-ressources-pedagogiq,된다,,,234
hcsp-fr-explorecgi,Custom: hcsp-fr-explorecgi,된다,,,37
hea-ie-resources,Custom: hea-ie-resources,된다,,,221
health-gov-au-publications,"Department of Health, Disability and Ageing — Publications",된다,,,749
health-govt-nz-publications,Ministry of Health NZ — Publications,된다,,,306
health-ni-gov-uk-news,Custom: health-ni-gov-uk-news,된다,,,137
health-ni-gov-uk-publications,Custom: health-ni-gov-uk-publications,된다,,,503
hec-edu-en,Custom: hec-edu-en,된다,,,16
hec-hal-science-search,Custom: hec-hal-science-search,된다,,,313
helios-eie-gr-helios,Custom: helios-eie-gr-helios,된다,,,500
hfml-felix-nl-en,Custom: hfml-felix-nl-en,된다,,,62
hhs-gov-guidance,Custom: hhs-gov-guidance,된다,,,267
hi-no-en,Custom: hi-no-en,된다,,,119
home-cern-news,Custom: home-cern-news,된다,,,809
home-treasury-gov-about,Custom: home-treasury-gov-about,된다,,,12
homeaffairs-gov-au-sitesearch,Custom: homeaffairs-gov-au-sitesearch,된다,,,1308
hrb-ie-publications,Custom: hrb-ie-publications,된다,,,187
hrbopenresearch-org,HRB Open Research,된다,,,437
hud-govt-nz-documents,Custom: hud-govt-nz-documents,된다,,,148
hud-govt-nz-stats-and-insights,Custom: hud-govt-nz-stats-and-insights,된다,,,1334
humanrights-go-kr-base,Custom: humanrights-go-kr-base,된다,,,450
icn-artem-com-en,Custom: icn-artem-com-en,된다,,,6
icn-hal-science-search,Custom: icn-hal-science-search,된다,,,133
icp-fr-a-propos-de-licp,Custom: icp-fr-a-propos-de-licp,된다,,,99
icp-hal-science-search,Custom: icp-hal-science-search,된다,,,220
idiap-ch-en,Custom: idiap-ch-en,된다,,,125
ifau-se-forskning,Custom: ifau-se-forskning,된다,,,101
ifau-se-press,Custom: ifau-se-press,된다,,,215
ifpenergiesnouvelles-fr-tags,Custom: ifpenergiesnouvelles-fr-tags,된다,,,150
ifr-pan-edu-pl-dzialalnosc-naukowa,Custom: ifr-pan-edu-pl-dzialalnosc-naukowa,된다,,,232
ifremer-fr-fr,Custom: ifremer-fr-fr,된다,,,286
ign-fr-espace-presse,Custom: ign-fr-espace-presse,된다,,,67
igualdad-gob-es-comunicacion,Custom: igualdad-gob-es-comunicacion,된다,,,216
iheid-swisscovery-ch-discovery,Custom: iheid-swisscovery-ch-discovery,된다,,,523
ii-re-kr-base,Custom: ii-re-kr-base,된다,,,287
iisd-org-press,Custom: iisd-org-press,된다,,,342
illustro-iadt-figshare-com-search,Custom: illustro-iadt-figshare-com-search,된다,,,92
imt-nord-europe-hal-science-search,Custom: imt-nord-europe-hal-science-search,된다,,,61
incheon-go-kr-ic010205,Custom: incheon-go-kr-ic010205,된다,,,1328
indicators-be-nl,Custom: indicators-be-nl,된다,,,84
ineris-fr-fr,Custom: ineris-fr-fr,된다,,,141
ineris-hal-science-search,Custom: ineris-hal-science-search,된다,,,2234
info-daegu-go-kr-newshome,Custom: info-daegu-go-kr-newshome,안된다,IP차단,"우리 IP 차단(403/WAF) — 클라이언트 egress에서 재확인 필요, 코드문제 아님",490
info-korail-com-info,Custom: info-korail-com-info,된다,,,565
infrastructure-ni-gov-uk-news,Custom: infrastructure-ni-gov-uk-news,된다,,,420
inrae-fr-actualites,Custom: inrae-fr-actualites,된다,,,830
inria-fr-fr,Custom: inria-fr-fr,된다,,,114
inria-hal-science-search,Custom: inria-hal-science-search,된다,,,1083
insee-fr-fr,Custom: insee-fr-fr,된다,,,223
inserm-hal-science-search,Custom: inserm-hal-science-search,된다,,,883
insight-centre-org-press-releases,Custom: insight-centre-org-press-releases,된다,,,54
international-andra-fr-documents-and-visual,Custom: international-andra-fr-documents-and-visual,된다,,,34
international-canada-ca-en,Custom: international-canada-ca-en,된다,,,14
international-gc-ca-transparency-transpa,Custom: international-gc-ca-transparency-transpa,된다,,,22
ir-arcnl-nl,Custom: ir-arcnl-nl,된다,,,452
ir-cwi-nl,Custom: ir-cwi-nl,된다,,,592
ir-lib-uth-gr-xmlui,Custom: ir-lib-uth-gr-xmlui,된다,,,843
irb-usi-ch-publications,Custom: irb-usi-ch-publications,된다,,,558
ird-hal-science-search,Custom: ird-hal-science-search,된다,,,1144
iris-unitn-it,Custom: iris-unitn-it,된다,,,10521
irpp-org-about-the-irpp,Custom: irpp-org-about-the-irpp,된다,,,25
irpp-org-media,Custom: irpp-org-media,된다,,,487
irsn-fr-actualites,Custom: irsn-fr-actualites,된다,,,274
isae-ensma-hal-science-search,Custom: isae-ensma-hal-science-search,된다,,,14
issibern-ch-outreach,Custom: issibern-ch-outreach,된다,,,157
issibern-ch-results,Custom: issibern-ch-results,된다,,,495
issnationallab-org-about,Custom: issnationallab-org-about,된다,,,82
issnationallab-org-press-releases,Custom: issnationallab-org-press-releases,된다,,,561
issnationallab-org-publications,Custom: issnationallab-org-publications,된다,,,205
issnationallab-org-research-and-science,Custom: issnationallab-org-research-and-science,된다,,,12
iucn-org-about-iucn,Custom: iucn-org-about-iucn,된다,,,19
iucn-org-press-releases,Custom: iucn-org-press-releases,된다,,,68
iucn-org-resources,Custom: iucn-org-resources,된다,,,6
ivo-se-sok,Custom: ivo-se-sok,된다,,,134
iwhr-com-zgskywwnew,Custom: iwhr-com-zgskywwnew,안된다,IP차단,"우리 IP 차단(403/WAF) — 클라이언트 egress에서 재확인 필요, 코드문제 아님",62
jeju-go-kr-news,Custom: jeju-go-kr-news,된다,,,1087
jeonnam-go-kr-m7116,Custom: jeonnam-go-kr-m7116,안된다,폐쇄/네트워크,사이트 폐쇄/네트워크 불통(DNS·연결 실패),770
jgi-doe-gov-user-science,Custom: jgi-doe-gov-user-science,된다,,,682
jic-ac-uk-news-events,Custom: jic-ac-uk-news-events,된다,,,1138
jsearch-mwr-gov-cn-irs-c-web,Custom: jsearch-mwr-gov-cn-irs-c-web,된다,,,2499
julkaisut-valtioneuvosto-fi-search,Custom: julkaisut-valtioneuvosto-fi-search,된다,,,293
justice-gouv-fr-documentation,Custom: justice-gouv-fr-documentation,된다,,,167
justice-gov-news,Custom: justice-gov-news,된다,,,741
justice-govt-nz-publications,New Zealand Ministry of Justice — Find a publication,안된다,IP차단,"우리 IP 차단(403/WAF) — 클라이언트 egress에서 재확인 필요, 코드문제 아님",0
justice-ni-gov-uk-publications,Custom: justice-ni-gov-uk-publications,된다,,,228
justitsministeriet-dk-forskning,Custom: justitsministeriet-dk-forskning,된다,,,24
justitsministeriet-dk-pressemeddelelse,Custom: justitsministeriet-dk-pressemeddelelse,된다,,,346
juventudeinfancia-gob-es-es,Custom: juventudeinfancia-gob-es-es,된다,,,306
kamco-or-kr-portal,Custom: kamco-or-kr-portal,된다,,,19
kammarkollegiet-se-aktuellt,Custom: kammarkollegiet-se-aktuellt,된다,,,46
kasa-go-kr-bbs,Custom: kasa-go-kr-bbs,된다,,,331
kb-se-om-oss,Custom: kb-se-om-oss,된다,,,80
kcg-go-kr-kcg,Custom: kcg-go-kr-kcg,된다,,,624
kdca-go-kr-kdca,Custom: kdca-go-kr-kdca,된다,,,846
kedi-re-kr-khome,Custom: kedi-re-kr-khome,된다,,,519
keei-re-kr-boardes,Custom: keei-re-kr-boardes,된다,,,452
kefm-dk-aftaler,Custom: kefm-dk-aftaler,된다,,,101
kei-re-kr-eliblistes,Custom: kei-re-kr-eliblistes,된다,,,364
keis-or-kr-keis,Custom: keis-or-kr-keis,된다,,,22
kepco-co-kr-home,Custom: kepco-co-kr-home,된다,,,400
kfss-forest-go-kr-stat,Custom: kfss-forest-go-kr-stat,된다,,,15
khs-go-kr-cop,Custom: khs-go-kr-cop,된다,,,38
khs-go-kr-newsbbz,Custom: khs-go-kr-newsbbz,된다,,,1249
kicce-re-kr-main,Custom: kicce-re-kr-main,된다,,,368
kice-re-kr-boardcnts,Custom: kice-re-kr-boardcnts,된다,,,500
kicj-re-kr-boardes,Custom: kicj-re-kr-boardes,된다,,,154
kiep-go-kr-galleryes,Custom: kiep-go-kr-galleryes,된다,,,437
kihasa-re-kr-news,Custom: kihasa-re-kr-news,된다,,,615
kihasa-re-kr-publish,Custom: kihasa-re-kr-publish,된다,,,673
kinfa-or-kr-notificationpromotio,Custom: kinfa-or-kr-notificationpromotio,된다,,,732
kinu-or-kr-main,Custom: kinu-or-kr-main,된다,,,432
kipa-re-kr-html,Custom: kipa-re-kr-html,된다,,,8
kipf-re-kr-bbs,Custom: kipf-re-kr-bbs,된다,,,352
kipf-re-kr-kor,Custom: kipf-re-kr-kor,된다,,,601
kipo-go-kr-ko,Custom: kipo-go-kr-ko,된다,,,500
kirj-ee-archive,Custom: kirj-ee-archive,된다,,,3619
kisdi-re-kr-bbs,Custom: kisdi-re-kr-bbs,된다,,,502
kisdi-re-kr-report,Custom: kisdi-re-kr-report,된다,,,501
kit-nl-institute,Custom: kit-nl-institute,된다,,,121
kjonnsforskning-no-nb,Custom: kjonnsforskning-no-nb,된다,,,100
kli-re-kr-kli,Custom: kli-re-kr-kli,된다,,,500
kliimaministeerium-ee-otsing,Custom: kliimaministeerium-ee-otsing,된다,,,10
klimaraadet-dk-da,Custom: klimaraadet-dk-da,된다,,,84
klri-re-kr-kor,Custom: klri-re-kr-kor,된다,,,590
kma-go-kr-kma,Custom: kma-go-kr-kma,된다,,,86
kmcc-go-kr-userdo,Custom: kmcc-go-kr-userdo,된다,,,666
kmi-re-kr-web,Custom: kmi-re-kr-web,된다,,,445
kna-forest-go-kr-kfsweb,Custom: kna-forest-go-kr-kfsweb,된다,,,372
knmi-nl-kennis-en-datacentru,Custom: knmi-nl-kennis-en-datacentru,된다,,,388
knowledge-barnardos-ie-browse,Custom: knowledge-barnardos-ie-browse,된다,,,365
kommunekredit-com-about-us,Custom: kommunekredit-com-about-us,된다,,,24
kommunikasjon-ntb-no-presserom,Custom: kommunikasjon-ntb-no-presserom,된다,,,116
kostat-go-kr-boardes,Custom: kostat-go-kr-boardes,된다,,,100
koti-re-kr-user,Custom: koti-re-kr-user,된다,,,373
krei-re-kr-krei,Custom: krei-re-kr-krei,된다,,,1450
krihs-re-kr-boardes,Custom: krihs-re-kr-boardes,된다,,,600
krihs-re-kr-krihslibraryarticle,Custom: krihs-re-kr-krihslibraryarticle,된다,,,744
krihs-re-kr-krihslibraryreport,Custom: krihs-re-kr-krihslibraryreport,된다,,,168
krivet-re-kr,www.krivet.re.kr,된다,,,1
krivet-re-kr-kor,Custom: krivet-re-kr-kor,된다,,,500
kwdi-re-kr-plaza,Custom: kwdi-re-kr-plaza,된다,,,819
kwdi-re-kr-publications,Custom: kwdi-re-kr-publications,된다,,,500
lavoro-gov-it-stampa-e-media,Custom: lavoro-gov-it-stampa-e-media,된다,,,340
lecese-fr-espace-presse,Custom: lecese-fr-espace-presse,된다,,,500
lenus-ie-browse,Custom: lenus-ie-browse,된다,,,168
lib-cssn-cn-zy,Custom: lib-cssn-cn-zy,된다,,,204
library-kwrwater-nl-en,Custom: library-kwrwater-nl-en,된다,,,51
libreria-educacion-gob-es-p,Custom: libreria-educacion-gob-es-p,된다,,,330
llnl-gov-news,Custom: llnl-gov-news,된다,,,3537
lne-fr-fr,Custom: lne-fr-fr,된다,,,40
mafra-go-kr-home,Custom: mafra-go-kr-home,된다,,,761
marine-ie-site-area,Custom: marine-ie-site-area,된다,,,24
masaf-gov-it-flex,Custom: masaf-gov-it-flex,된다,,,601
mbie-govt-nz-building-and-energy,Custom: mbie-govt-nz-building-and-energy,된다,,,80
mef-gov-it-ufficio-stampa,Custom: mef-gov-it-ufficio-stampa,된다,,,204
mem-gov-cn-fw,Custom: mem-gov-cn-fw,된다,,,62
mentalhealthcommission-ca-resources,Custom: mentalhealthcommission-ca-resources,된다,,,589
meri-belspo-be-site,Custom: meri-belspo-be-site,된다,,,21
met-no-publikasjoner,Custom: met-no-publikasjoner,된다,,,116
meteofrance-fr-actualite,Custom: meteofrance-fr-actualite,된다,,,94
meteoswiss-admin-ch-services-and-publica,Custom: meteoswiss-admin-ch-services-and-publica,된다,,,440
mfat-govt-nz-en,Custom: mfat-govt-nz-en,된다,,,11
mfds-go-kr-brd,Custom: mfds-go-kr-brd,된다,,,461
mi-se-arkiv,Custom: mi-se-arkiv,된다,,,632
migration-gov-gr-press,Custom: migration-gov-gr-press,된다,,,1618
miit-gov-cn-zc,Custom: miit-gov-cn-zc,된다,,,104
miit-gov-cn-zwgk,Custom: miit-gov-cn-zwgk,된다,,,26
mim-gov-it-web,Custom: mim-gov-it-web,된다,,,41
mimit-gov-it-it,Custom: mimit-gov-it-it,된다,,,92
minagric-gr-the-ministry-2,Custom: minagric-gr-the-ministry-2,된다,,,267
mindev-gov-gr-category,Custom: mindev-gov-gr-category,된다,,,3514
mindigital-gr-archives,Custom: mindigital-gr-archives,된다,,,675
minedu-gov-gr-grafeio-typoy-kai-di,Custom: minedu-gov-gr-grafeio-typoy-kai-di,된다,,,404
minfin-gov-gr-grafeio-typou,Custom: minfin-gov-gr-grafeio-typou,안된다,IP차단,"우리 IP 차단(403/WAF) — 클라이언트 egress에서 재확인 필요, 코드문제 아님",1797
ministeroturismo-gov-it-category,Custom: ministeroturismo-gov-it-category,된다,,,1014
ministryofjustice-gr,Custom: ministryofjustice-gr,된다,,,261
minrel-gob-cl-minrel,Custom: minrel-gob-cl-minrel,된다,,,4547
minscfa-gov-gr-grafeio-typou,Custom: minscfa-gov-gr-grafeio-typou,안된다,IP차단,"우리 IP 차단(403/WAF) — 클라이언트 egress에서 재확인 필요, 코드문제 아님",626
mintour-gov-gr-deltia-typoy,Custom: mintour-gov-gr-deltia-typoy,된다,,,394
miteco-gob-es-es,Custom: miteco-gob-es-es,된다,,,379
mivau-gob-es-el-ministerio,Custom: mivau-gob-es-el-ministerio,된다,,,473
mma-go-kr-board,Custom: mma-go-kr-board,된다,,,616
mnd-go-kr-user,Custom: mnd-go-kr-user,안된다,폐쇄/네트워크,사이트 폐쇄/네트워크 불통(DNS·연결 실패),304
mod-mil-gr-category,Custom: mod-mil-gr-category,된다,,,470
moe-go-kr-boardcnts,Custom: moe-go-kr-boardcnts,된다,,,1250
moe-gov-cn-jyb_sjzl,Custom: moe-gov-cn-jyb_sjzl,된다,,,28
moe-gov-cn-jyb_xwfb,Custom: moe-gov-cn-jyb_xwfb,된다,,,418
moe-gov-cn-jyb_xxgk,Custom: moe-gov-cn-jyb_xxgk,된다,,,18
moef-go-kr-nw,Custom: moef-go-kr-nw,된다,,,683
mof-go-kr-doc,Custom: mof-go-kr-doc,된다,,,624
mof-gov-cn-en,Custom: mof-gov-cn-en,된다,,,9
mofa-go-kr-www,Custom: mofa-go-kr-www,된다,,,521
mofe-go-kr-id,Custom: mofe-go-kr-id,된다,,,133
mogef-go-kr-nw,Custom: mogef-go-kr-nw,된다,,,852
moh-gov-gr-articles,Custom: moh-gov-gr-articles,된다,,,5608
mohrss-gov-cn-xxgk2020,Custom: mohrss-gov-cn-xxgk2020,된다,,,19
mohw-go-kr-boardes,Custom: mohw-go-kr-boardes,된다,,,920
mois-go-kr-frt,Custom: mois-go-kr-frt,된다,,,1148
moj-go-kr-moj,Custom: moj-go-kr-moj,된다,,,793
moleg-go-kr-boardes,Custom: moleg-go-kr-boardes,된다,,,256
molit-go-kr-usr,Custom: molit-go-kr-usr,된다,,,390
motir-go-kr-kor,Custom: motir-go-kr-kor,된다,,,703
mpi-govt-nz-about-mpi,Custom: mpi-govt-nz-about-mpi,된다,,,14
mpi-govt-nz-resources-and-forms,Custom: mpi-govt-nz-resources-and-forms,안된다,폐쇄/네트워크,사이트 폐쇄/네트워크 불통(DNS·연결 실패),35
mpva-go-kr-mpva,Custom: mpva-go-kr-mpva,된다,,,590
msd-govt-nz-about-msd-and-our-wo,Custom: msd-govt-nz-about-msd-and-our-wo,된다,,,16
msit-go-kr-bbs,Custom: msit-go-kr-bbs,된다,,,488
mss-go-kr-site,Custom: mss-go-kr-site,된다,,,500
mva-gov-cn-gongkai,Custom: mva-gov-cn-gongkai,된다,,,15
mwr-gov-cn-english,Custom: mwr-gov-cn-english,된다,,,37
mwr-gov-cn-zwgk,Custom: mwr-gov-cn-zwgk,된다,,,18
naacc-go-kr-web,Custom: naacc-go-kr-web,된다,,,334
nasa-gov-2025-news-releases,Custom: nasa-gov-2025-news-releases,된다,,,236
nationalacademies-org-publications,Custom: nationalacademies-org-publications,된다,,,184
naturalengland-defra-opendata-arcgis-com-search,Custom: naturalengland-defra-opendata-arcgis-com-search,된다,,,167
nbb-be-en,Custom: nbb-be-en,된다,,,15
ncats-nih-gov-news-events,Custom: ncats-nih-gov-news-events,된다,,,19
nccih-nih-gov-news,Custom: nccih-nih-gov-news,된다,,,57
ncha-gov-cn-col,Custom: ncha-gov-cn-col,된다,,,117
ncri-ie-en,Custom: ncri-ie-en,된다,,,104
neac-gov-cn-seac,Custom: neac-gov-cn-seac,된다,,,57
nec-go-kr-site,Custom: nec-go-kr-site,안된다,점검필요,"과거 수집데이터 있음, 일시적/셀렉터 의심 — 점검 필요",175
nei-nih-gov-about,Custom: nei-nih-gov-about,된다,,,14
nei-nih-gov-learn-about-eye-heal,Custom: nei-nih-gov-learn-about-eye-heal,된다,,,88
nemertes-library-upatras-gr-browse,Custom: nemertes-library-upatras-gr-browse,된다,,,127
nemertes-library-upatras-gr-search,Custom: nemertes-library-upatras-gr-search,된다,,,500
nersc-no-en,Custom: nersc-no-en,된다,,,349
nesc-ie-publications,Custom: nesc-ie-publications,된다,,,121
netl-doe-gov-advsearch,Custom: netl-doe-gov-advsearch,된다,,,28
netl-doe-gov-energy-analysis,Custom: netl-doe-gov-energy-analysis,된다,,,97
netl-doe-gov-fecm-external-r-and-,Custom: netl-doe-gov-fecm-external-r-and-,된다,,,343
netl-doe-gov-search-r-d-publicati,Custom: netl-doe-gov-search-r-d-publicati,된다,,,729
news-admin-ch-en,Custom: news-admin-ch-en,된다,,,0
news-fnal-gov-category,Custom: news-fnal-gov-category,된다,,,374
newsreleases-sandia-gov-archives-by-year,Custom: newsreleases-sandia-gov-archives-by-year,된다,,,2044
nfa-go-kr-nfa,Custom: nfa-go-kr-nfa,된다,,,112
nfra-gov-cn-cn,Custom: nfra-gov-cn-cn,된다,,,726
nhc-gov-cn-wjw,Custom: nhc-gov-cn-wjw,된다,,,71
nhlbi-nih-gov-about,Custom: nhlbi-nih-gov-about,된다,,,22
nhlbi-nih-gov-resources,Custom: nhlbi-nih-gov-resources,된다,,,325
nhmrc-gov-au-publications,National Health and Medical Research Council — Publications,된다,,,232
nia-nih-gov-news,Custom: nia-nih-gov-news,된다,,,95
niaaa-nih-gov-news-events,Custom: niaaa-nih-gov-news-events,된다,,,80
niams-nih-gov-newsroom,Custom: niams-nih-gov-newsroom,된다,,,15
nibib-nih-gov-news-events,Custom: nibib-nih-gov-news-events,된다,,,39
nibio-no-en,Custom: nibio-no-en,된다,,,219
nichd-nih-gov-newsroom,Custom: nichd-nih-gov-newsroom,된다,,,329
nida-nih-gov-news-events,Custom: nida-nih-gov-news-events,된다,,,46
nida-nih-gov-research-topics,Custom: nida-nih-gov-research-topics,된다,,,29
nidcd-nih-gov-news,Custom: nidcd-nih-gov-news,안된다,수리(코드),사이트는 정상응답인데 파싱 0 — 셀렉터/방식 코드 수리 필요,203
nidcd-nih-gov-order,Custom: nidcd-nih-gov-order,안된다,IP차단,"우리 IP 차단(403/WAF) — 클라이언트 egress에서 재확인 필요, 코드문제 아님",90
nidcr-nih-gov-news-events,Custom: nidcr-nih-gov-news-events,된다,,,87
niddk-nih-gov-news,Custom: niddk-nih-gov-news,된다,,,124
nidi-nl-en,Custom: nidi-nl-en,된다,,,285
niehs-nih-gov-newsreleases,Custom: niehs-nih-gov-newsreleases,된다,,,40
nifu-no-en,Custom: nifu-no-en,된다,,,363
nigms-nih-gov-news,Custom: nigms-nih-gov-news,된다,,,21
nih-gov-news-events,Custom: nih-gov-news-events,안된다,IP차단,"우리 IP 차단(403/WAF) — 클라이언트 egress에서 재확인 필요, 코드문제 아님",409
nih-gov-press-room,Custom: nih-gov-press-room,안된다,IP차단,"우리 IP 차단(403/WAF) — 클라이언트 egress에서 재확인 필요, 코드문제 아님",449
nikhef-nl-pub,Custom: nikhef-nl-pub,된다,,,26
nim-ac-cn-taxonomy,Custom: nim-ac-cn-taxonomy,된다,,,34
nimh-nih-gov-news,Custom: nimh-nih-gov-news,된다,,,492
nimhd-nih-gov-news-events,Custom: nimhd-nih-gov-news-events,된다,,,13
nin-nl-publications,Custom: nin-nl-publications,된다,,,471
nina-no-english,Custom: nina-no-english,된다,,,36
ninds-nih-gov-news-events,Custom: ninds-nih-gov-news-events,된다,,,253
ninds-nih-gov-publications,Custom: ninds-nih-gov-publications,된다,,,71
nioo-knaw-nl-en,Custom: nioo-knaw-nl-en,된다,,,75
nisra-gov-uk-publications,Custom: nisra-gov-uk-publications,된다,,,522
nist-gov-publications,Custom: nist-gov-publications,된다,,,478
nistdigitalarchives-contentdm-oclc-org-digital,Custom: nistdigitalarchives-contentdm-oclc-org-digital,된다,,,788
nivel-nl-en,Custom: nivel-nl-en,된다,,,520
nkvts-no-english,Custom: nkvts-no-english,된다,,,562
nnsa-mee-gov-cn-english,Custom: nnsa-mee-gov-cn-english,된다,,,10
noc-ac-uk-about-us,Custom: noc-ac-uk-about-us,된다,,,7
noc-ac-uk-publications,Custom: noc-ac-uk-publications,된다,,,234
nofima-com-publication,Custom: nofima-com-publication,된다,,,200
nora-nerc-ac-uk-view,Custom: nora-nerc-ac-uk-view,된다,,,596
nordlandsforskning-no-en,Custom: nordlandsforskning-no-en,된다,,,304
nps-or-kr-inforls,Custom: nps-or-kr-inforls,된다,,,115
nps-or-kr-pnsgdnc,Custom: nps-or-kr-pnsgdnc,된다,,,182
nrc-re-kr-boardes,Custom: nrc-re-kr-boardes,된다,,,470
nrscotland-gov-uk-publications,Custom: nrscotland-gov-uk-publications,된다,,,359
ntp-niehs-nih-gov-publications,Custom: ntp-niehs-nih-gov-publications,된다,,,536
ntrs-nasa-gov-search,Custom: ntrs-nasa-gov-search,된다,,,6490
nts-go-kr-nts,Custom: nts-go-kr-nts,된다,,,42
nupi-no-en,Custom: nupi-no-en,된다,,,28
nypi-re-kr,www.nypi.re.kr,된다,,,3
nypi-re-kr-board,Custom: nypi-re-kr-board,된다,,,150
nzpri-aut-ac-nz-document-library,Custom: nzpri-aut-ac-nz-document-library,된다,,,7
oig-treasury-gov-other-reports-testim,Custom: oig-treasury-gov-other-reports-testim,된다,,,1353
oka-go-kr-web,Custom: oka-go-kr-web,된다,,,30
olympias-lib-uoi-gr-jspui,Custom: olympias-lib-uoi-gr-jspui,안된다,폐쇄/네트워크,사이트 폐쇄/네트워크 불통(DNS·연결 실패),400
om-mp-be-nl,Custom: om-mp-be-nl,안된다,IP차단,"우리 IP 차단(403/WAF) — 클라이언트 egress에서 재확인 필요, 코드문제 아님",239
onera-fr-fr,Custom: onera-fr-fr,된다,,,145
ons-gov-uk-search,Custom: ons-gov-uk-search,된다,,,516
open-science-canada-ca-communities,Custom: open-science-canada-ca-communities,된다,,,272
openaccess-inaf-it,Custom: openaccess-inaf-it,된다,,,513
openaire-eu-os-slovenia,Custom: openaire-eu-os-slovenia,된다,,,28
opendata-centralbank-ie-dataset,Custom: opendata-centralbank-ie-dataset,된다,,,38
opendata-dk-search,Custom: opendata-dk-search,된다,,,70
opendatacommunities-org-data,Custom: opendatacommunities-org-data,안된다,IP차단,"우리 IP 차단(403/WAF) — 클라이언트 egress에서 재확인 필요, 코드문제 아님",3
opengov-seoul-go-kr-research,Custom: opengov-seoul-go-kr-research,된다,,,344
openresearch-repository-anu-edu-au-search,Custom: openresearch-repository-anu-edu-au-search,된다,,,261
openscience-si-naprednoiskanjeaspx,Custom: openscience-si-naprednoiskanjeaspx,된다,,,30
opm-go-kr-opm,Custom: opm-go-kr-opm,된다,,,660
osr-statisticsauthority-gov-uk-publications-list,Custom: osr-statisticsauthority-gov-uk-publications-list,된다,,,257
ostrnrcan-dostrncan-canada-ca-search,Custom: ostrnrcan-dostrncan-canada-ca-search,된다,,,220
ots-at-pressemappe,Custom: ots-at-pressemappe,된다,,,500
par-nsf-gov-search,Custom: par-nsf-gov-search,된다,,,2481
pasteur-fr-en,Custom: pasteur-fr-en,된다,,,314
pbc-gov-cn-en,Custom: pbc-gov-cn-en,된다,,,224
pbl-nl-en,Custom: pbl-nl-en,된다,,,649
pbocri-org-cn-lnzy3html,Custom: pbocri-org-cn-lnzy3html,된다,,,8
pbocri-org-cn-xslwhtml,Custom: pbocri-org-cn-xslwhtml,된다,,,2
pembina-org-media-releases,Custom: pembina-org-media-releases,된다,,,494
pergamos-lib-uoa-gr-search,Custom: pergamos-lib-uoa-gr-search,된다,,,500
phfscience-nz-digital-library,Custom: phfscience-nz-digital-library,된다,,,501
phfscience-nz-news-publications,Custom: phfscience-nz-news-publications,된다,,,32
plan-be-nl,Custom: plan-be-nl,된다,,,152
pleanala-ie-en-ie,Custom: pleanala-ie-en-ie,된다,,,54
pmc-gov-au-resources,Custom: pmc-gov-au-resources,안된다,IP차단,"우리 IP 차단(403/WAF) — 클라이언트 egress에서 재확인 필요, 코드문제 아님",129
pnnl-gov-news,Custom: pnnl-gov-news,된다,,,322
police-go-kr-user,Custom: police-go-kr-user,된다,,,747
policyalternatives-ca-news-research,Custom: policyalternatives-ca-news-research,된다,,,1543
politie-be-statistieken,Custom: politie-be-statistieken,된다,,,95
polytechnique-edu-presse,Custom: polytechnique-edu-presse,된다,,,226
polytechnique-hal-science-search,Custom: polytechnique-hal-science-search,된다,,,3103
portaldiplomatico-mne-gov-pt-en,Custom: portaldiplomatico-mne-gov-pt-en,된다,,,378
ppforum-ca-press-releases,Custom: ppforum-ca-press-releases,된다,,,42
pps-go-kr-kor,Custom: pps-go-kr-kor,된다,,,290
presse-cnam-fr-communiques,Custom: presse-cnam-fr-communiques,된다,,,36
presse-curie-fr-section,Custom: presse-curie-fr-section,된다,,,300
presse-economie-gouv-fr,Custom: presse-economie-gouv-fr,된다,,,1206
prism-go-kr-homepage,Custom: prism-go-kr-homepage,된다,,,2900
provenienzforschung-gv-at-empfehlungen-des-bei,Custom: provenienzforschung-gv-at-empfehlungen-des-bei,된다,,,425
psi-ch-en,Custom: psi-ch-en,된다,,,405
ptb-de-cms,Custom: ptb-de-cms,된다,,,8
publications-idiap-ch-publications,Custom: publications-idiap-ch-publications,된다,,,231
publichealthscotland-scot-publications,Custom: publichealthscotland-scot-publications,된다,,,373
publicsafety-gc-ca-cnt,Custom: publicsafety-gc-ca-cnt,된다,,,424
publicservice-govt-nz-data,Custom: publicservice-govt-nz-data,된다,,,61
publicservice-govt-nz-research-and-data,Custom: publicservice-govt-nz-research-and-data,된다,,,110
publikationen-bundesregierung-de-pp-de,Custom: publikationen-bundesregierung-de-pp-de,된다,,,112
pubs-drdc-rddc-gc-ca-basis,Custom: pubs-drdc-rddc-gc-ca-basis,된다,,,4040
pubs-usgs-gov,pubs.usgs.gov,된다,,,10
pubshop-bmbwf-gv-at-indexphp,Custom: pubshop-bmbwf-gv-at-indexphp,된다,,,479
pure-mpg-de-search,Custom: pure-mpg-de-search,된다,,,75
rcaanc-cirnac-gc-ca-eng,Custom: rcaanc-cirnac-gc-ca-eng,된다,,,33
rda-go-kr-board,Custom: rda-go-kr-board,된다,,,1020
rdr-kuleuven-be-dataverse,Custom: rdr-kuleuven-be-dataverse,된다,,,418
regjeringen-no-en,Custom: regjeringen-no-en,안된다,IP차단,"우리 IP 차단(403/WAF) — 클라이언트 egress에서 재확인 필요, 코드문제 아님",187
reglementation-controle-asnr-fr-information,Custom: reglementation-controle-asnr-fr-information,된다,,,6
regulation-govt-nz-about-us,Custom: regulation-govt-nz-about-us,된다,,,247
repo-lib-duth-gr-jspui,Custom: repo-lib-duth-gr-jspui,된다,,,7156
reports-nlr-nl-collections,Custom: reports-nlr-nl-collections,된다,,,18
repositorio-uchile-cl-discover,Custom: repositorio-uchile-cl-discover,된다,,,500
repository-cern-search,Custom: repository-cern-search,된다,,,500
repository-lboro-ac-uk,Custom: repository-lboro-ac-uk,된다,,,128
repository-library-noaa-gov-view,Custom: repository-library-noaa-gov-view,된다,,,812
repository-naturalis-nl,Custom: repository-naturalis-nl,된다,,,9681
repository-tno-nl-doclist,Custom: repository-tno-nl-doclist,된다,,,10508
research-collection-ethz-ch-search,Custom: research-collection-ethz-ch-search,된다,,,459
research-imt-nord-europe-fr-news,Custom: research-imt-nord-europe-fr-news,된다,,,56
research-thea-ie-browse,Custom: research-thea-ie-browse,된다,,,449
researchrepository-ul-ie-search,Custom: researchrepository-ul-ie-search,된다,,,400
reseau-canope-fr-espace-presse,Custom: reseau-canope-fr-espace-presse,된다,,,19
rfi-ac-uk-latest,Custom: rfi-ac-uk-latest,된다,,,142
rigsrevisionen-dk-revisionssager,Custom: rigsrevisionen-dk-revisionssager,된다,,,590
rijksoverheid-nl-documenten,Custom: rijksoverheid-nl-documenten,된다,,,274
ris-bka-gv-at-ergebniswxe,Custom: ris-bka-gv-at-ergebniswxe,된다,,,507
rki-de-de,Custom: rki-de-de,된다,,,66
rosap-ntl-bts-gov-cbrowse,Custom: rosap-ntl-bts-gov-cbrowse,된다,,,562
ruomoplus-lib-uom-gr-simple-search,Custom: ruomoplus-lib-uom-gr-simple-search,된다,,,500
saemangeum-go-kr-sda,Custom: saemangeum-go-kr-sda,된다,,,428
safefood-net-news,Custom: safefood-net-news,된다,,,31
salute-gov-it-new,Custom: salute-gov-it-new,된다,,,202
samr-gov-cn-zw,Custom: samr-gov-cn-zw,된다,,,315
sandia-gov-news,Custom: sandia-gov-news,된다,,,101
sante-gouv-fr-ministere,Custom: sante-gouv-fr-ministere,된다,,,145
santepubliquefrance-fr-presse,Custom: santepubliquefrance-fr-presse,된다,,,624
sastind-gov-cn-n10086200,Custom: sastind-gov-cn-n10086200,된다,,,474
scaht-org-en,Custom: scaht-org-en,된다,,,641
science-astron-nl-science-astron,Custom: science-astron-nl-science-astron,된다,,,117
science-libraries-canada-ca-eng,Custom: science-libraries-canada-ca-eng,된다,,,31
scourt-go-kr-portal,Custom: scourt-go-kr-portal,된다,,,982
scp-nl-publicaties,Custom: scp-nl-publicaties,된다,,,243
search-nal-usda-gov-discovery,Custom: search-nal-usda-gov-discovery,된다,,,452
search-open-canada-ca-opendata,Custom: search-open-canada-ca-opendata,된다,,,5287
search-worldcat-org-ko,Custom: search-worldcat-org-ko,된다,,,14
secihti-mx-sala-de-prensa,Custom: secihti-mx-sala-de-prensa,된다,,,218
seco-admin-ch-seco,Custom: seco-admin-ch-seco,된다,,,479
seer-cancer-gov-report_to_nation,Custom: seer-cancer-gov-report_to_nation,된다,,,24
sejong-go-kr-bbs,Custom: sejong-go-kr-bbs,된다,,,500
sfi-ch-en,Custom: sfi-ch-en,된다,,,288
sgu-se-en,Custom: sgu-se-en,된다,,,54
si-re-kr-bbs,Custom: si-re-kr-bbs,된다,,,501
sib-swiss-community,Custom: sib-swiss-community,된다,,,391
sib-swiss-training,Custom: sib-swiss-training,된다,,,74
simula-no-publications,Custom: simula-no-publications,된다,,,73
sintef-no-en,Custom: sintef-no-en,된다,,,141
siseministeerium-ee-otsing,Custom: siseministeerium-ee-otsing,된다,,,20
skillsdevelopmentscotland-co-uk-publications-statist,Custom: skillsdevelopmentscotland-co-uk-publications-statist,된다,,,488
skm-dk-aktuelt,Custom: skm-dk-aktuelt,된다,,,457
sm-dk-publikationer,Custom: sm-dk-publikationer,된다,,,354
sm-ee-otsing,Custom: sm-ee-otsing,안된다,점검필요,"과거 수집데이터 있음, 일시적/셀렉터 의심 — 점검 필요",158
socialstyrelsen-se-en,Custom: socialstyrelsen-se-en,된다,,,127
sodha-be-dataverse,Custom: sodha-be-dataverse,된다,,,152
sonar-ch-global,Custom: sonar-ch-global,된다,,,5462
sozialministerium-gv-at-services,Custom: sozialministerium-gv-at-services,된다,,,206
spo-go-kr-site,Custom: spo-go-kr-site,된다,,,227
srnl-gov-newsroom,Custom: srnl-gov-newsroom,된다,,,88
stami-no-en,Custom: stami-no-en,된다,,,337
stat-inst-se-om-sis,Custom: stat-inst-se-om-sis,된다,,,69
state-gov-department-reports,Custom: state-gov-department-reports,된다,,,10
state-gov-press-releases,Custom: state-gov-press-releases,된다,,,30
state-gwd-go-kr-portal,Custom: state-gwd-go-kr-portal,된다,,,614
statistischebibliothek-de-mir,Custom: statistischebibliothek-de-mir,된다,,,384
stats-govt-nz-indicators,Custom: stats-govt-nz-indicators,된다,,,109
stats-govt-nz-publications,Custom: stats-govt-nz-publications,안된다,수리(코드),사이트는 정상응답인데 파싱 0 — 셀렉터/방식 코드 수리 필요,87
stepi-re-kr-site,Custom: stepi-re-kr-site,된다,,,570
swisspeace-ch-publications,Custom: swisspeace-ch-publications,된다,,,304
swisspolar-ch-expeditions,Custom: swisspolar-ch-expeditions,된다,,,94
swisstph-ch-en,Custom: swisstph-ch-en,된다,,,1087
telemarksforsking-no-publikasjoner,Custom: telemarksforsking-no-publikasjoner,된다,,,280
tigta-gov-reports,Custom: tigta-gov-reports,된다,,,133
toi-no-publications,Custom: toi-no-publications,된다,,,470
transformation-gouv-fr-espace-presse,Custom: transformation-gouv-fr-espace-presse,된다,,,211
transparency-gov-au-publications,Custom: transparency-gov-au-publications,된다,,,2694
transport-govt-nz-documents-and-public,Custom: transport-govt-nz-documents-and-public,된다,,,3
transportation-gov-newsroom,Custom: transportation-gov-newsroom,된다,,,205
transportes-gob-es-el-ministerio,Custom: transportes-gob-es-el-ministerio,된다,,,288
treasury-gov-au-publication,Custom: treasury-gov-au-publication,된다,,,651
treasury-govt-nz-publications,The Treasury New Zealand — Publications,된다,,,245
trm-dk-nyheder,Custom: trm-dk-nyheder,된다,,,404
ufm-dk-publikationer,Custom: ufm-dk-publikationer,된다,,,44
ukdataservice-ac-uk-2026,Custom: ukdataservice-ac-uk-2026,된다,,,549
ulsan-go-kr-u,Custom: ulsan-go-kr-u,된다,,,58
um-dk-om-os,Custom: um-dk-om-os,된다,,,24
ungeneva-org-en,Custom: ungeneva-org-en,된다,,,93
unidata-gv-at-pages,Custom: unidata-gv-at-pages,된다,,,404
unikorea-go-kr-web,Custom: unikorea-go-kr-web,된다,,,47
usgs-gov-news,Custom: usgs-gov-news,된다,,,1549
ustat-mur-gov-it,Custom: ustat-mur-gov-it,된다,,,92
uvek-admin-ch-en,Custom: uvek-admin-ch-en,된다,,,501
va-gov-vetdata,Custom: va-gov-vetdata,된다,,,114
vbs-admin-ch-en,Custom: vbs-admin-ch-en,된다,,,111
vlaanderen-be-nieuwsberichten,Custom: vlaanderen-be-nieuwsberichten,된다,,,26
vtg-admin-ch-en,Custom: vtg-admin-ch-en,된다,,,18
wallonie-be-fr,Custom: wallonie-be-fr,된다,,,121
waltoninstitute-ie-research,Custom: waltoninstitute-ie-research,된다,,,566
wbf-admin-ch-en,Custom: wbf-admin-ch-en,된다,,,500
wef-infor-cl-indexphp,Custom: wef-infor-cl-indexphp,된다,,,448
werk-belgie-be-nl,Custom: werk-belgie-be-nl,된다,,,316
who-int-publications,Custom: who-int-publications,된다,,,511
wodc-nl-documenten,Custom: wodc-nl-documenten,된다,,,2
women-govt-nz-library,Custom: women-govt-nz-library,된다,,,14
wti-org-research,Custom: wti-org-research,된다,,,303
www2-mrc-lmb-cam-ac-uk-research,Custom: www2-mrc-lmb-cam-ac-uk-research,된다,,,47
www6-slac-stanford-edu-news-and-events,Custom: www6-slac-stanford-edu-news-and-events,된다,,,267
xxgk-mot-gov-cn-2020,Custom: xxgk-mot-gov-cn-2020,된다,,,456
yme-gr-2013-01-31-06-37-23,Custom: yme-gr-2013-01-31-06-37-23,된다,,,3380
ypen-gov-gr-category,Custom: ypen-gov-gr-category,된다,,,454
ypergasias-gov-gr-category,Custom: ypergasias-gov-gr-category,안된다,IP차단,"우리 IP 차단(403/WAF) — 클라이언트 egress에서 재확인 필요, 코드문제 아님",531
ypes-gr-category,Custom: ypes-gr-category,된다,,,987
