site_id,sheet,collected,source_total,exact,kind,health
e-stat-go-jp-stat-search,일본완료,1018,1709118,True,measured,정상(측정됨)
openresearch-repository-anu-edu-au-search,호주완료,261,393484,True,measured,정상(측정됨)
research-collection-ethz-ch-search,Switzerland Research Centers,459,303530,True,measured,정상(측정됨)
inserm-hal-science-search,French Research Institutes,883,254477,True,measured,정상(측정됨)
anr-hal-science-search,French Research Institutes,363,253771,True,measured,정상(측정됨)
pergamos-lib-uoa-gr-search,Greece Research Centers,500,250523,True,measured,정상(측정됨)
amu-hal-science-search,French Public Universities,3048,237733,True,measured,정상(측정됨)
ostrnrcan-dostrncan-canada-ca-search,Canadian Research Centers,220,198333,True,measured,정상(측정됨)
cea-hal-science-cnrgh,French Research Institutes,759,151061,True,measured,정상(측정됨)
data-gov-au-data,호주완료,500,140429,True,measured,정상(측정됨)
data-gv-at-datasets,오스트리아완료,400,116818,True,measured,정상(측정됨)
dspace-ut-ee-search,Estonia Research Centers,125,114527,True,measured,정상(측정됨)
ehess-hal-science-search,French Public Universities,429,108008,True,measured,정상(측정됨)
ens-lyon-hal-science-search,French Public Universities,1343,106515,True,measured,정상(측정됨)
repositorio-uchile-cl-discover,Chile Research Centers,500,102175,True,measured,정상(측정됨)
ird-hal-science-search,French Research Institutes,1144,88988,True,measured,정상(측정됨)
ens-hal-science-search,French Public Universities,18340,84355,True,measured,정상(측정됨)
ntrs-nasa-gov-search,American Research Institutes,6490,71863,True,measured,정상(측정됨)
data-gov-uk-search,영국완료,488,58487,True,measured,정상(측정됨)
nora-nerc-ac-uk-view,영국완료,596,57936,True,measured,정상(측정됨)
ir-lib-uth-gr-xmlui,Greece Research Centers,843,55971,True,measured,정상(측정됨)
polytechnique-hal-science-search,French Public Universities,3103,51962,True,measured,정상(측정됨)
gov-scot-publications,영국완료,1024,50542,True,measured,정상(측정됨)
olympias-lib-uoi-gr-jspui,Greece Research Centers,400,50014,True,measured,정상(측정됨)
energy-gov-search,USA Executive Departments,191,49332,True,measured,정상(측정됨)
lenus-ie-browse,Irish Research Centers,168,47138,True,measured,정상(측정됨)
enpc-hal-science-search,French Public Universities,741,43475,True,measured,정상(측정됨)
gov-uk-search,영국완료,862,42435,True,measured,정상(측정됨)
data-nasa-gov-dataset,American Research Institutes,4474,35964,True,measured,정상(측정됨)
doaj-org-search,Irish Research Centers,1417,35582,True,measured,정상(측정됨)
nasa-gov-2025-news-releases,American Research Institutes,236,35278,True,measured,정상(측정됨)
ec-lyon-hal-science-search,French Public Universities,222,32877,True,measured,정상(측정됨)
cnam-hal-science-search,French Public Institutions,975,32221,True,measured,정상(측정됨)
cnam-hal-science-ceet,French Research Institutes,279,32221,True,measured,정상(측정됨)
nemertes-library-upatras-gr-search,Greece Research Centers,500,31267,True,measured,정상(측정됨)
nemertes-library-upatras-gr-browse,Greece Research Centers,127,31267,True,measured,정상(측정됨)
esteri-it-it,Italy Ministries,5533,25207,True,measured,정상(측정됨)
dtic-dimensions-ai-discover,American Research Institutes,500,25000,True,measured,정상(측정됨)
repo-lib-duth-gr-jspui,Greece Research Centers,7156,22040,True,measured,정상(측정됨)
cora-ucc-ie-search,Irish Research Centers,439,18130,True,measured,정상(측정됨)
edx-netl-doe-gov-group,American Research Institutes,100,17984,True,measured,정상(측정됨)
envt-hal-science-search,French Public Universities,1063,17091,True,measured,정상(측정됨)
edoc-rki-de-handle,GER ResearchCenters(Unfinished),20,14052,True,measured,정상(측정됨)
researchrepository-ul-ie-search,Irish Research Centers,400,13970,True,measured,정상(측정됨)
julkaisut-valtioneuvosto-fi-search,핀란드완료,293,13781,True,measured,정상(측정됨)
espci-hal-science-search,French Public Universities,22,12333,True,measured,정상(측정됨)
helios-eie-gr-helios,Greece Research Centers,500,11234,True,measured,정상(측정됨)
dspace-emu-ee-search,Estonia Research Centers,500,10421,True,measured,정상(측정됨)
federalregister-gov-documents,USA Executive Departments,5957,10000,True,measured,정상(측정됨)
isae-ensma-hal-science-search,French Public Universities,14,9836,True,measured,정상(측정됨)
catalog-data-metro-tokyo-lg-jp-dataset,일본완료,492,9647,True,measured,정상(측정됨)
icp-hal-science-search,French Public Institutions,220,9325,True,measured,정상(측정됨)
prism-go-kr-homepage,한국완료,2900,9301,False,count_lowerbound,"느림(상한걸림,하한값)"
ineris-hal-science-search,French Research Institutes,2234,8889,True,measured,정상(측정됨)
bfs-admin-ch-bfs,Switzerland Departments,384,8141,True,measured,정상(측정됨)
enscp-hal-science-search,French Public Institutions,3517,8006,True,measured,정상(측정됨)
migration-gov-gr-press,Greece Ministries,1618,7770,True,measured,정상(측정됨)
imt-nord-europe-hal-science-search,French Public Universities,61,7266,True,measured,정상(측정됨)
gov-scot-statistics-and-resea,영국완료,353,6001,True,measured,정상(측정됨)
pubs-drdc-rddc-gc-ca-basis,Canadian Research Centers,4040,4966,True,count_exact,정상(count됨)
hec-hal-science-search,French Public Universities,313,4829,True,measured,정상(측정됨)
mindev-gov-gr-category,Greece Ministries,3514,4756,True,measured,정상(측정됨)
open-science-canada-ca-communities,Canadian Research Centers,272,4400,True,measured,정상(측정됨)
sonar-ch-global,Switzerland Research Centers,5462,4039,False,count_lowerbound,"느림(상한걸림,하한값)"
enc-hal-science-search,French Public Universities,509,3889,True,measured,정상(측정됨)
doras-dcu-ie-view,Irish Research Centers,2229,3683,True,count_exact,정상(count됨)
enac-hal-science-search,French Public Universities,549,3613,True,measured,정상(측정됨)
bmv-de-en,독일완료,11,3584,True,measured,정상(측정됨)
wodc-nl-documenten,Dutch Research Centers,2,3527,True,measured,정상(측정됨)
drugsandalcohol-ie-cgi,Irish Research Centers,500,3471,False,count_lowerbound,"느림(상한걸림,하한값)"
adaptcentre-ie-research,Irish Research Centers,206,3402,True,measured,정상(측정됨)
news-fnal-gov-category,American Research Institutes,374,3286,True,measured,정상(측정됨)
datos-gob-cl-dataset,Chile Research Centers,21,3179,True,measured,정상(측정됨)
research-thea-ie-browse,Irish Research Centers,449,3103,True,measured,정상(측정됨)
data-busan-go-kr-bdip,한국완료,2022,2919,True,count_exact,정상(count됨)
daten-berlin-de-datensaetze,독일완료,250,2619,True,measured,정상(측정됨)
insight-centre-org-press-releases,Irish Research Centers,54,2560,True,measured,정상(측정됨)
avoindata-suomi-fi-data,핀란드완료,154,2555,True,measured,정상(측정됨)
kmi-re-kr-web,한국완료,445,2348,True,measured,정상(측정됨)
llnl-gov-news,American Research Institutes,3537,2321,False,count_lowerbound,"느림(상한걸림,하한값)"
ministeroturismo-gov-it-category,Italy Ministries,1014,2266,True,measured,정상(측정됨)
ga-gov-au-data-pubs,호주완료,2243,2241,True,count_exact,정상(count됨)
state-gov-press-releases,USA Executive Departments,30,2192,True,measured,정상(측정됨)
hud-govt-nz-stats-and-insights,뉴질랜드완료,1334,2088,True,count_exact,정상(count됨)
repository-cern-search,Switzerland Research Centers,500,2051,False,count_lowerbound,"느림(상한걸림,하한값)"
newsreleases-sandia-gov-archives-by-year,American Research Institutes,2044,2046,True,measured,정상(측정됨)
pasteur-fr-en,French Research Institutes,314,2036,True,measured,정상(측정됨)
icn-hal-science-search,French Public Universities,133,1748,True,measured,정상(측정됨)
reports-nlr-nl-collections,Dutch Research Centers,18,1724,True,measured,정상(측정됨)
stami-no-en,Norway Research Centers,337,1661,True,measured,정상(측정됨)
cmi-no-publications,Norway Research Centers,346,1657,True,measured,정상(측정됨)
jsearch-mwr-gov-cn-irs-c-web,중국 완료,2499,1591,False,count_lowerbound,"느림(상한걸림,하한값)"
issnationallab-org-about,American Research Institutes,82,1586,True,measured,정상(측정됨)
issnationallab-org-press-releases,American Research Institutes,561,1586,True,measured,정상(측정됨)
meteoswiss-admin-ch-services-and-publica,Switzerland Research Centers,440,1574,True,measured,정상(측정됨)
knowledge-barnardos-ie-browse,Irish Research Centers,365,1375,True,measured,정상(측정됨)
par-nsf-gov-search,American Research Institutes,2481,1370,False,count_lowerbound,"느림(상한걸림,하한값)"
oig-treasury-gov-other-reports-testim,USA Executive Departments,1353,1354,True,count_exact,정상(count됨)
cigionline-org-publications,Canadian Research Centers,500,1306,True,count_exact,정상(count됨)
nrscotland-gov-uk-publications,영국완료,359,1275,True,measured,정상(측정됨)
jic-ac-uk-news-events,영국완료,1138,1139,True,measured,정상(측정됨)
ehesp-fr-espace-presse,French Public Universities,127,1088,True,measured,정상(측정됨)
fhi-no-en,Norway Research Centers,255,1000,True,measured,정상(측정됨)
enssib-hal-science-search,French Public Universities,12,992,True,measured,정상(측정됨)
education-ni-gov-uk-news,영국완료,503,950,True,measured,정상(측정됨)
canada-ca-en,Canada Ministries,948,949,True,measured,정상(측정됨)
salute-gov-it-new,Italy Ministries,202,890,True,measured,정상(측정됨)
culture-gouv-fr-espace-documentation,France Ministries,304,862,True,measured,정상(측정됨)
accc-gov-au-about-us,호주완료,502,836,True,measured,정상(측정됨)
rdr-kuleuven-be-dataverse,벨기에완료,418,824,True,measured,정상(측정됨)
hrb-ie-publications,Irish Research Centers,187,819,True,measured,정상(측정됨)
defense-gouv-fr-salle-de-presse,France Ministries,1980,809,False,count_lowerbound,"느림(상한걸림,하한값)"
ecat-ga-gov-au-geonetwork,호주완료,796,797,True,count_exact,정상(count됨)
knmi-nl-kennis-en-datacentru,Dutch Research Centers,388,796,True,measured,정상(측정됨)
waltoninstitute-ie-research,Irish Research Centers,566,788,True,measured,정상(측정됨)
dair-dias-ie-cgi,Irish Research Centers,500,756,True,count_exact,정상(count됨)
krihs-re-kr-krihslibraryarticle,한국완료,744,744,True,count_exact,정상(count됨)
homeaffairs-gov-au-sitesearch,호주완료,1308,700,False,count_lowerbound,"느림(상한걸림,하한값)"
go-griffith-ie-browse,Irish Research Centers,1111,662,True,measured,정상(측정됨)
differ-nl-publications,Dutch Research Centers,198,642,True,measured,정상(측정됨)
efd-admin-ch-en,Switzerland Departments,500,642,False,count_lowerbound,"느림(상한걸림,하한값)"
ypes-gr-category,Greece Ministries,987,634,False,count_lowerbound,"느림(상한걸림,하한값)"
publichealthscotland-scot-publications,영국완료,373,626,True,measured,정상(측정됨)
mentalhealthcommission-ca-resources,Canadian Research Centers,589,616,True,measured,정상(측정됨)
iisd-org-press,Canadian Research Centers,342,601,True,measured,정상(측정됨)
policyalternatives-ca-news-research,Canadian Research Centers,1543,593,False,count_lowerbound,"느림(상한걸림,하한값)"
krivet-re-kr,한국완료,1,586,False,count_lowerbound,"느림(상한걸림,하한값)"
presse-economie-gouv-fr,France Ministries,1206,578,False,count_lowerbound,"느림(상한걸림,하한값)"
ukdataservice-ac-uk-2026,영국완료,549,560,True,measured,정상(측정됨)
pnnl-gov-news,American Research Institutes,322,547,True,measured,정상(측정됨)
home-cern-news,Switzerland Research Centers,809,539,False,count_lowerbound,"느림(상한걸림,하한값)"
sejong-go-kr-bbs,한국완료,500,530,False,count_lowerbound,"느림(상한걸림,하한값)"
scourt-go-kr-portal,한국완료,982,526,False,count_lowerbound,"느림(상한걸림,하한값)"
book-ioj-go-kr-library,한국완료,500,512,False,count_lowerbound,"느림(상한걸림,하한값)"
krihs-re-kr-boardes,한국완료,600,512,False,count_lowerbound,"느림(상한걸림,하한값)"
dpmc-govt-nz-publications,뉴질랜드완료,571,505,False,count_lowerbound,"느림(상한걸림,하한값)"
defense-gov-news,USA Executive Departments,546,500,True,count_exact,정상(count됨)
kisdi-re-kr-report,한국완료,501,495,False,count_lowerbound,"느림(상한걸림,하한값)"
minrel-gob-cl-minrel,Chile Ministries,4547,490,False,count_lowerbound,"느림(상한걸림,하한값)"
bnf-fr-fr,French Public Institutions,488,488,True,count_exact,정상(count됨)
skillsdevelopmentscotland-co-uk-publications-statist,영국완료,488,487,True,count_exact,정상(count됨)
stepi-re-kr-site,한국완료,570,486,False,count_lowerbound,"느림(상한걸림,하한값)"
gnews-gg-go-kr-briefing,한국완료,500,471,False,count_lowerbound,"느림(상한걸림,하한값)"
caissedesdepots-fr-communiques-de-press,French Public Institutions,1201,471,False,count_lowerbound,"느림(상한걸림,하한값)"
mi-se-arkiv,스웨덴 완료,632,469,True,measured,정상(측정됨)
biorbic-com-publications,Irish Research Centers,497,467,True,count_exact,정상(count됨)
nistdigitalarchives-contentdm-oclc-org-digital,American Research Institutes,788,460,False,count_lowerbound,"느림(상한걸림,하한값)"
wef-infor-cl-indexphp,Chile Ministries,448,453,True,count_exact,정상(count됨)
krivet-re-kr-kor,한국완료,500,449,False,count_lowerbound,"느림(상한걸림,하한값)"
cirad-fr-espace-presse,French Research Institutes,360,446,True,measured,정상(측정됨)
bok-or-kr-portal,한국완료,430,445,False,count_lowerbound,"느림(상한걸림,하한값)"
info-korail-com-info,한국완료,565,445,False,count_lowerbound,"느림(상한걸림,하한값)"
kihasa-re-kr-news,한국완료,615,434,False,count_lowerbound,"느림(상한걸림,하한값)"
moef-go-kr-nw,한국완료,683,433,False,count_lowerbound,"느림(상한걸림,하한값)"
transformation-gouv-fr-espace-presse,France Ministries,211,428,True,measured,정상(측정됨)
kmcc-go-kr-userdo,한국완료,666,412,False,count_lowerbound,"느림(상한걸림,하한값)"
kli-re-kr-kli,한국완료,500,403,False,count_lowerbound,"느림(상한걸림,하한값)"
mpva-go-kr-mpva,한국완료,590,402,False,count_lowerbound,"느림(상한걸림,하한값)"
ameslab-gov-news,American Research Institutes,394,396,True,count_exact,정상(count됨)
kb-se-om-oss,스웨덴 완료,80,395,True,measured,정상(측정됨)
gri-re-kr-web,한국완료,516,395,False,count_lowerbound,"느림(상한걸림,하한값)"
mss-go-kr-site,한국완료,500,391,False,count_lowerbound,"느림(상한걸림,하한값)"
kiep-go-kr-galleryes,한국완료,437,388,False,count_lowerbound,"느림(상한걸림,하한값)"
ed-gov-about,USA Executive Departments,224,387,True,measured,정상(측정됨)
drc-gov-cn-leafaspx,중국 완료,555,387,False,count_lowerbound,"느림(상한걸림,하한값)"
wti-org-research,Switzerland Research Centers,303,386,True,measured,정상(측정됨)
kepco-co-kr-home,한국완료,400,381,False,count_lowerbound,"느림(상한걸림,하한값)"
msit-go-kr-bbs,한국완료,488,374,False,count_lowerbound,"느림(상한걸림,하한값)"
ftc-go-kr-www,한국완료,694,372,False,count_lowerbound,"느림(상한걸림,하한값)"
comwel-or-kr-comwel,한국완료,471,372,False,count_lowerbound,"느림(상한걸림,하한값)"
rda-go-kr-board,한국완료,1020,372,False,count_lowerbound,"느림(상한걸림,하한값)"
academie-sciences-fr-espace-presse,French Public Institutions,68,370,True,measured,정상(측정됨)
police-go-kr-user,한국완료,747,365,False,count_lowerbound,"느림(상한걸림,하한값)"
repository-naturalis-nl,Dutch Research Centers,9681,364,False,count_lowerbound,"느림(상한걸림,하한값)"
nofima-com-publication,Norway Research Centers,200,359,True,measured,정상(측정됨)
ir-cwi-nl,Dutch Research Centers,592,358,False,count_lowerbound,"느림(상한걸림,하한값)"
justice-gov-news,USA Executive Departments,741,355,False,count_lowerbound,"느림(상한걸림,하한값)"
ir-arcnl-nl,Dutch Research Centers,452,353,False,count_lowerbound,"느림(상한걸림,하한값)"
cre-fr-documents,French Public Institutions,27,351,True,measured,정상(측정됨)
kdca-go-kr-kdca,한국완료,846,350,False,count_lowerbound,"느림(상한걸림,하한값)"
hea-ie-resources,Irish Research Centers,221,347,True,measured,정상(측정됨)
research-imt-nord-europe-fr-news,French Public Universities,56,347,True,measured,정상(측정됨)
kinfa-or-kr-notificationpromotio,한국완료,732,345,False,count_lowerbound,"느림(상한걸림,하한값)"
moe-go-kr-boardcnts,한국완료,1250,345,False,count_lowerbound,"느림(상한걸림,하한값)"
masaf-gov-it-flex,Italy Ministries,601,341,False,count_lowerbound,"느림(상한걸림,하한값)"
motir-go-kr-kor,한국완료,703,340,False,count_lowerbound,"느림(상한걸림,하한값)"
incheon-go-kr-ic010205,한국완료,1328,340,False,count_lowerbound,"느림(상한걸림,하한값)"
naacc-go-kr-web,한국완료,334,338,True,count_exact,정상(count됨)
mindigital-gr-archives,Greece Ministries,675,338,False,count_lowerbound,"느림(상한걸림,하한값)"
pubs-usgs-gov,American Research Institutes,10,333,False,count_lowerbound,"느림(상한걸림,하한값)"
datacatalogue-adruk-org-browser,영국완료,484,333,False,count_lowerbound,"느림(상한걸림,하한값)"
kasa-go-kr-bbs,한국완료,331,331,True,count_exact,정상(count됨)
chungnam-go-kr-cnportal,한국완료,425,328,False,count_lowerbound,"느림(상한걸림,하한값)"
daejeon-go-kr-drh,한국완료,473,326,False,count_lowerbound,"느림(상한걸림,하한값)"
state-gwd-go-kr-portal,한국완료,614,326,False,count_lowerbound,"느림(상한걸림,하한값)"
app-mps-gov-cn-gdnps,중국 완료,501,320,False,count_lowerbound,"느림(상한걸림,하한값)"
kice-re-kr-boardcnts,한국완료,500,317,False,count_lowerbound,"느림(상한걸림,하한값)"
rigsrevisionen-dk-revisionssager,덴마크완료,590,316,False,count_lowerbound,"느림(상한걸림,하한값)"
lecese-fr-espace-presse,French Public Institutions,500,315,False,count_lowerbound,"느림(상한걸림,하한값)"
mohw-go-kr-boardes,한국완료,920,311,False,count_lowerbound,"느림(상한걸림,하한값)"
english-cnipa-gov-cn-col,중국 완료,353,311,False,count_lowerbound,"느림(상한걸림,하한값)"
mma-go-kr-board,한국완료,616,308,False,count_lowerbound,"느림(상한걸림,하한값)"
arcom-fr-presse,French Public Institutions,290,307,True,measured,정상(측정됨)
brsn-net-list,중국 완료,500,305,False,count_lowerbound,"느림(상한걸림,하한값)"
en-nim-ac-cn-taxonomy,중국 완료,303,303,True,count_exact,정상(count됨)
nypi-re-kr,한국완료,3,298,False,count_lowerbound,"느림(상한걸림,하한값)"
gb-go-kr-sub,한국완료,406,297,False,count_lowerbound,"느림(상한걸림,하한값)"
sm-dk-publikationer,덴마크완료,354,297,False,count_lowerbound,"느림(상한걸림,하한값)"
fss-or-kr-fss,한국완료,500,297,False,count_lowerbound,"느림(상한걸림,하한값)"
mod-mil-gr-category,Greece Ministries,470,292,False,count_lowerbound,"느림(상한걸림,하한값)"
pps-go-kr-kor,한국완료,290,291,True,count_exact,정상(count됨)
repository-library-noaa-gov-view,American Research Institutes,812,290,False,count_lowerbound,"느림(상한걸림,하한값)"
kipo-go-kr-ko,한국완료,500,289,False,count_lowerbound,"느림(상한걸림,하한값)"
civilprotection-gov-gr-deltia-tupou,Greece Ministries,500,286,False,count_lowerbound,"느림(상한걸림,하한값)"
mofa-go-kr-www,한국완료,521,285,False,count_lowerbound,"느림(상한걸림,하한값)"
ons-gov-uk-search,영국완료,516,285,False,count_lowerbound,"느림(상한걸림,하한값)"
kipf-re-kr-bbs,한국완료,352,285,False,count_lowerbound,"느림(상한걸림,하한값)"
english-www-gov-cn-archive,중국 완료,506,284,False,count_lowerbound,"느림(상한걸림,하한값)"
info-daegu-go-kr-newshome,한국완료,490,283,False,count_lowerbound,"느림(상한걸림,하한값)"
seco-admin-ch-seco,Switzerland Departments,479,281,True,count_exact,정상(count됨)
kisdi-re-kr-bbs,한국완료,502,278,False,count_lowerbound,"느림(상한걸림,하한값)"
gi-re-kr-home,한국완료,452,277,False,count_lowerbound,"느림(상한걸림,하한값)"
jeju-go-kr-news,한국완료,1087,277,False,count_lowerbound,"느림(상한걸림,하한값)"
afp-gov-au-news-centre,호주완료,432,275,False,count_lowerbound,"느림(상한걸림,하한값)"
digital-gob-es-comunicacion,Spain Ministries,416,273,False,count_lowerbound,"느림(상한걸림,하한값)"
bmluk-gv-at-service,오스트리아완료,315,272,True,count_exact,정상(count됨)
kwdi-re-kr-publications,한국완료,500,267,False,count_lowerbound,"느림(상한걸림,하한값)"
sm-ee-otsing,Estonia Ministries,158,267,False,count_lowerbound,"느림(상한걸림,하한값)"
auri-re-kr-boardes,한국완료,260,267,True,count_exact,정상(count됨)
dhs-gov-congressional-approp,USA Executive Departments,638,265,False,count_lowerbound,"느림(상한걸림,하한값)"
busan-go-kr-nbtnewsbu,한국완료,537,265,False,count_lowerbound,"느림(상한걸림,하한값)"
ntp-niehs-nih-gov-publications,American Research Institutes,536,261,False,count_lowerbound,"느림(상한걸림,하한값)"
treasury-gov-au-publication,호주완료,651,259,False,count_lowerbound,"느림(상한걸림,하한값)"
moj-go-kr-moj,한국완료,793,259,False,count_lowerbound,"느림(상한걸림,하한값)"
kna-forest-go-kr-kfsweb,한국완료,372,257,False,count_lowerbound,"느림(상한걸림,하한값)"
ruomoplus-lib-uom-gr-simple-search,Greece Research Centers,500,256,False,count_lowerbound,"느림(상한걸림,하한값)"
moleg-go-kr-boardes,한국완료,256,256,True,count_exact,정상(count됨)
osr-statisticsauthority-gov-uk-publications-list,영국완료,257,255,True,measured,정상(측정됨)
economy-ni-gov-uk-publications,영국완료,583,255,False,count_lowerbound,"느림(상한걸림,하한값)"
sastind-gov-cn-n10086200,중국 완료,474,255,False,count_lowerbound,"느림(상한걸림,하한값)"
opm-go-kr-opm,한국완료,660,251,False,count_lowerbound,"느림(상한걸림,하한값)"
ii-re-kr-base,한국완료,287,250,False,count_lowerbound,"느림(상한걸림,하한값)"
defence-govt-nz-publications,뉴질랜드완료,431,250,False,count_lowerbound,"느림(상한걸림,하한값)"
nisra-gov-uk-publications,영국완료,522,249,False,count_lowerbound,"느림(상한걸림,하한값)"
fair-healthdata-be-search,벨기에완료,10,248,True,measured,정상(측정됨)
scp-nl-publicaties,Dutch Research Centers,243,246,True,count_exact,정상(count됨)
irb-usi-ch-publications,Switzerland Research Centers,558,244,False,count_lowerbound,"느림(상한걸림,하한값)"
audencia-com-lecole,French Public Universities,246,243,True,count_exact,정상(count됨)
gwangju-go-kr-boardlistdo,한국완료,500,243,False,count_lowerbound,"느림(상한걸림,하한값)"
krei-re-kr-krei,한국완료,1450,243,False,count_lowerbound,"느림(상한걸림,하한값)"
iheid-swisscovery-ch-discovery,Switzerland Research Centers,523,242,True,count_exact,정상(count됨)
kinu-or-kr-main,한국완료,432,242,False,count_lowerbound,"느림(상한걸림,하한값)"
frontiersin-org-articles,American Research Institutes,1230,242,True,measured,정상(측정됨)
keei-re-kr-boardes,한국완료,452,238,False,count_lowerbound,"느림(상한걸림,하한값)"
search-open-canada-ca-opendata,Canada Ministries,5287,238,False,count_lowerbound,"느림(상한걸림,하한값)"
mafra-go-kr-home,한국완료,761,238,False,count_lowerbound,"느림(상한걸림,하한값)"
nationalacademies-org-publications,French Research Institutes,184,236,True,measured,정상(측정됨)
arrow-tudublin-ie-creaart,Irish Research Centers,229,231,True,measured,정상(측정됨)
spo-go-kr-site,한국완료,227,227,True,count_exact,정상(count됨)
diplomatie-gouv-fr-en,France Ministries,551,227,False,count_lowerbound,"느림(상한걸림,하한값)"
bmbfsfj-bund-de-bmbfsfj,Germany Ministries,502,226,True,measured,정상(측정됨)
secihti-mx-sala-de-prensa,Mexico Ministries,218,226,True,measured,정상(측정됨)
pbc-gov-cn-en,중국 완료,224,224,True,count_exact,정상(count됨)
defensa-gob-es-gabinete,Spain Ministries,421,223,False,count_lowerbound,"느림(상한걸림,하한값)"
artsetmetiers-fr-fr,French Public Universities,222,223,True,count_exact,정상(count됨)
ecologie-gouv-fr-presse,France Ministries,4049,221,False,count_lowerbound,"느림(상한걸림,하한값)"
cds-cern-ch-collection,Switzerland Research Centers,505,221,False,count_lowerbound,"느림(상한걸림,하한값)"
data-taltech-ee-search,Estonia Research Centers,92,219,True,measured,정상(측정됨)
fmi-ch-research,Switzerland Research Centers,818,219,False,count_lowerbound,"느림(상한걸림,하한값)"
nordlandsforskning-no-en,Norway Research Centers,304,217,False,count_lowerbound,"느림(상한걸림,하한값)"
emep-int-mscw,Norway Research Centers,213,215,True,count_exact,정상(count됨)
data-mfe-govt-nz-tables,뉴질랜드완료,435,215,False,count_lowerbound,"느림(상한걸림,하한값)"
mogef-go-kr-nw,한국완료,852,213,False,count_lowerbound,"느림(상한걸림,하한값)"
cnipa-gov-cn-col,중국 완료,213,213,True,count_exact,정상(count됨)
sodha-be-dataverse,벨기에완료,152,211,True,measured,정상(측정됨)
molit-go-kr-usr,한국완료,390,210,False,count_lowerbound,"느림(상한걸림,하한값)"
opengov-seoul-go-kr-research,한국완료,344,209,False,count_lowerbound,"느림(상한걸림,하한값)"
nist-gov-publications,American Research Institutes,478,207,False,count_lowerbound,"느림(상한걸림,하한값)"
issnationallab-org-publications,American Research Institutes,205,206,True,measured,정상(측정됨)
kipf-re-kr-kor,한국완료,601,206,True,count_exact,정상(count됨)
doi-gov-bpp,USA Executive Departments,204,204,True,count_exact,정상(count됨)
lib-cssn-cn-zy,중국 완료,204,204,True,count_exact,정상(count됨)
kedi-re-kr-khome,한국완료,519,203,False,count_lowerbound,"느림(상한걸림,하한값)"
nin-nl-publications,Dutch Research Centers,471,201,False,count_lowerbound,"느림(상한걸림,하한값)"
deltares-nl-en,Dutch Research Centers,155,200,True,measured,정상(측정됨)
sandia-gov-news,American Research Institutes,101,199,True,measured,정상(측정됨)
mof-go-kr-doc,한국완료,624,198,False,count_lowerbound,"느림(상한걸림,하한값)"
moe-gov-cn-jyb_xwfb,중국 완료,418,197,False,count_lowerbound,"느림(상한걸림,하한값)"
benthamscience-com-press-release,Switzerland Research Centers,191,193,True,count_exact,정상(count됨)
ethz-ch-de,Switzerland Research Centers,203,191,False,count_lowerbound,"느림(상한걸림,하한값)"
humanrights-go-kr-base,한국완료,450,191,False,count_lowerbound,"느림(상한걸림,하한값)"
github-com-orgs,Dutch Research Centers,91,190,True,measured,정상(측정됨)
gyeongnam-go-kr-board,한국완료,190,189,False,count_lowerbound,"느림(상한걸림,하한값)"
sib-swiss-community,Switzerland Research Centers,391,188,False,count_lowerbound,"느림(상한걸림,하한값)"
nhlbi-nih-gov-resources,American Research Institutes,325,188,False,count_lowerbound,"느림(상한걸림,하한값)"
bmas-de-de,Germany Ministries,454,188,False,count_lowerbound,"느림(상한걸림,하한값)"
cpb-nl-en,Dutch Research Centers,371,187,False,count_lowerbound,"느림(상한걸림,하한값)"
ypen-gov-gr-category,Greece Ministries,454,184,False,count_lowerbound,"느림(상한걸림,하한값)"
bundeskanzleramt-gv-at-bundeskanzleramt,오스트리아완료,480,182,False,count_lowerbound,"느림(상한걸림,하한값)"
rfi-ac-uk-latest,영국완료,142,181,True,measured,정상(측정됨)
nina-no-english,Norway Research Centers,36,180,True,measured,정상(측정됨)
regulation-govt-nz-about-us,뉴질랜드완료,247,179,False,count_lowerbound,"느림(상한걸림,하한값)"
kcg-go-kr-kcg,한국완료,624,178,False,count_lowerbound,"느림(상한걸림,하한값)"
justice-gouv-fr-documentation,France Ministries,167,178,True,measured,정상(측정됨)
gcsp-ch-publications,Switzerland Research Centers,176,178,True,count_exact,정상(count됨)
amolf-nl-publications,Dutch Research Centers,512,178,False,count_lowerbound,"느림(상한걸림,하한값)"
saemangeum-go-kr-sda,한국완료,428,177,False,count_lowerbound,"느림(상한걸림,하한값)"
ifau-se-press,스웨덴 완료,215,176,False,count_lowerbound,"느림(상한걸림,하한값)"
auswaertiges-amt-de-en,독일완료,526,173,False,count_lowerbound,"느림(상한걸림,하한값)"
auri-re-kr-publication,한국완료,593,171,False,count_lowerbound,"느림(상한걸림,하한값)"
mivau-gob-es-el-ministerio,Spain Ministries,473,171,False,count_lowerbound,"느림(상한걸림,하한값)"
data-aeronomie-be-dataset,벨기에완료,33,170,True,measured,정상(측정됨)
ots-at-pressemappe,오스트리아완료,500,169,False,count_lowerbound,"느림(상한걸림,하한값)"
csem-ch-en,Switzerland Research Centers,168,169,True,measured,정상(측정됨)
babraham-ac-uk-news,영국완료,483,168,False,count_lowerbound,"느림(상한걸림,하한값)"
data-statistik-gv-at-web,오스트리아완료,500,168,False,count_lowerbound,"느림(상한걸림,하한값)"
nivel-nl-en,Dutch Research Centers,520,168,False,count_lowerbound,"느림(상한걸림,하한값)"
mintour-gov-gr-deltia-typoy,Greece Ministries,394,167,False,count_lowerbound,"느림(상한걸림,하한값)"
earlham-ac-uk-newsroom,영국완료,278,167,False,count_lowerbound,"느림(상한걸림,하한값)"
kjonnsforskning-no-nb,Norway Research Centers,100,166,True,measured,정상(측정됨)
netl-doe-gov-search-r-d-publicati,American Research Institutes,729,166,False,count_lowerbound,"느림(상한걸림,하한값)"
usgs-gov-news,American Research Institutes,1549,164,False,count_lowerbound,"느림(상한걸림,하한값)"
energy-gov-management,USA Executive Departments,388,164,False,count_lowerbound,"느림(상한걸림,하한값)"
miteco-gob-es-es,Spain Ministries,379,163,False,count_lowerbound,"느림(상한걸림,하한값)"
forest-go-kr-kfsweb,한국완료,931,161,False,count_lowerbound,"느림(상한걸림,하한값)"
biblio-naturalsciences-be-rbins-publications,벨기에완료,500,160,False,count_lowerbound,"느림(상한걸림,하한값)"
si-re-kr-bbs,한국완료,501,160,False,count_lowerbound,"느림(상한걸림,하한값)"
repository-tno-nl-doclist,Dutch Research Centers,10508,160,False,count_lowerbound,"느림(상한걸림,하한값)"
nimh-nih-gov-news,American Research Institutes,492,157,False,count_lowerbound,"느림(상한걸림,하한값)"
kwdi-re-kr-plaza,한국완료,819,154,False,count_lowerbound,"느림(상한걸림,하한값)"
psi-ch-en,Switzerland Research Centers,405,152,False,count_lowerbound,"느림(상한걸림,하한값)"
accc-gov-au-search,호주완료,454,152,False,count_lowerbound,"느림(상한걸림,하한값)"
netl-doe-gov-fecm-external-r-and-,American Research Institutes,343,151,False,count_lowerbound,"느림(상한걸림,하한값)"
nypi-re-kr-board,한국완료,150,151,True,count_exact,정상(count됨)
bmleh-de-siteglobals,독일완료,200,151,False,count_lowerbound,"느림(상한걸림,하한값)"
krihs-re-kr-krihslibraryreport,한국완료,168,150,True,count_exact,정상(count됨)
fmn-dk-da,덴마크완료,848,150,False,count_lowerbound,"느림(상한걸림,하한값)"
ifpenergiesnouvelles-fr-tags,French Research Institutes,150,150,True,count_exact,정상(count됨)
onera-fr-fr,French Research Institutes,145,148,True,count_exact,정상(count됨)
auswaertiges-amt-de-de,Germany Ministries,224,147,False,count_lowerbound,"느림(상한걸림,하한값)"
cer-rec-gc-ca-en,Canadian Research Centers,175,147,False,count_lowerbound,"느림(상한걸림,하한값)"
statistischebibliothek-de-mir,독일완료,384,147,False,count_lowerbound,"느림(상한걸림,하한값)"
em-dk-aktuelt,덴마크완료,350,146,False,count_lowerbound,"느림(상한걸림,하한값)"
www6-slac-stanford-edu-news-and-events,American Research Institutes,267,145,False,count_lowerbound,"느림(상한걸림,하한값)"
pubshop-bmbwf-gv-at-indexphp,오스트리아완료,479,144,False,count_lowerbound,"느림(상한걸림,하한값)"
esri-ie-publications,Irish Research Centers,531,143,False,count_lowerbound,"느림(상한걸림,하한값)"
skm-dk-aktuelt,덴마크완료,457,142,False,count_lowerbound,"느림(상한걸림,하한값)"
swisstph-ch-en,Switzerland Research Centers,1087,141,False,count_lowerbound,"느림(상한걸림,하한값)"
jeonnam-go-kr-m7116,한국완료,770,140,False,count_lowerbound,"느림(상한걸림,하한값)"
who-int-publications,Switzerland Research Centers,511,139,False,count_lowerbound,"느림(상한걸림,하한값)"
nps-or-kr-pnsgdnc,한국완료,182,138,True,count_exact,정상(count됨)
samr-gov-cn-zw,중국 완료,315,136,False,count_lowerbound,"느림(상한걸림,하한값)"
libreria-educacion-gob-es-p,Spain Ministries,330,136,False,count_lowerbound,"느림(상한걸림,하한값)"
hrbopenresearch-org,Irish Research Centers,437,135,False,count_lowerbound,"느림(상한걸림,하한값)"
juventudeinfancia-gob-es-es,Spain Ministries,306,133,False,count_lowerbound,"느림(상한걸림,하한값)"
pbl-nl-en,Dutch Research Centers,649,133,False,count_lowerbound,"느림(상한걸림,하한값)"
mofe-go-kr-id,한국완료,133,133,True,count_exact,정상(count됨)
ministryofjustice-gr,Greece Ministries,261,133,False,count_lowerbound,"느림(상한걸림,하한값)"
kei-re-kr-eliblistes,한국완료,364,132,False,count_lowerbound,"느림(상한걸림,하한값)"
werk-belgie-be-nl,벨기에완료,316,132,False,count_lowerbound,"느림(상한걸림,하한값)"
cdhowe-org-research-insights,Canadian Research Centers,344,131,False,count_lowerbound,"느림(상한걸림,하한값)"
repository-lboro-ac-uk,영국완료,128,129,True,count_exact,정상(count됨)
polytechnique-edu-presse,French Public Universities,226,128,False,count_lowerbound,"느림(상한걸림,하한값)"
ivo-se-sok,스웨덴 완료,134,128,False,count_lowerbound,"느림(상한걸림,하한값)"
epa-ie-news-releases,Irish Research Centers,120,128,True,count_exact,정상(count됨)
cnes-fr-communiques,French Research Institutes,119,127,True,measured,정상(측정됨)
brgm-fr-fr,French Research Institutes,234,127,False,count_lowerbound,"느림(상한걸림,하한값)"
idiap-ch-en,Switzerland Research Centers,125,125,True,count_exact,정상(count됨)
koti-re-kr-user,한국완료,373,125,False,count_lowerbound,"느림(상한걸림,하한값)"
cnic-es-en,Spanish Research Centers,419,124,False,count_lowerbound,"느림(상한걸림,하한값)"
ejournals-epublishing-ekt-gr-indexphp,Greece Research Centers,474,124,False,count_lowerbound,"느림(상한걸림,하한값)"
em-lyon-com-en,French Public Universities,348,124,False,count_lowerbound,"느림(상한걸림,하한값)"
mef-gov-it-ufficio-stampa,Italy Ministries,204,122,True,measured,정상(측정됨)
directives-doe-gov-directives-browse,USA Executive Departments,205,120,False,count_lowerbound,"느림(상한걸림,하한값)"
economie-fgov-be-nl,벨기에완료,138,120,True,count_exact,정상(count됨)
transportes-gob-es-el-ministerio,Spain Ministries,288,120,False,count_lowerbound,"느림(상한걸림,하한값)"
mois-go-kr-frt,한국완료,1148,119,True,count_exact,정상(count됨)
gnewsonline-it-category,Italy Ministries,343,117,False,count_lowerbound,"느림(상한걸림,하한값)"
ifremer-fr-fr,French Research Institutes,286,117,False,count_lowerbound,"느림(상한걸림,하한값)"
ncha-gov-cn-col,중국 완료,117,117,True,count_exact,정상(count됨)
dst-dk-da,덴마크완료,408,117,False,count_lowerbound,"느림(상한걸림,하한값)"
kommunikasjon-ntb-no-presserom,Norway Research Centers,116,116,True,count_exact,정상(count됨)
nrc-re-kr-boardes,한국완료,470,116,False,count_lowerbound,"느림(상한걸림,하한값)"
educacionfpydeportes-gob-es-prensahtml,Spain Ministries,347,115,False,count_lowerbound,"느림(상한걸림,하한값)"
toi-no-publications,Norway Research Centers,470,114,False,count_lowerbound,"느림(상한걸림,하한값)"
climateinstitute-ca-newsroom,Canadian Research Centers,110,114,True,measured,정상(측정됨)
datos-gob-mx-cultura,Mexico Ministries,114,114,True,measured,정상(측정됨)
va-gov-vetdata,USA Executive Departments,114,114,True,count_exact,정상(count됨)
cancer-fr-presse,French Public Institutions,110,111,True,measured,정상(측정됨)
publicservice-govt-nz-research-and-data,뉴질랜드완료,110,110,True,count_exact,정상(count됨)
stats-govt-nz-indicators,뉴질랜드완료,109,109,True,count_exact,정상(count됨)
wallonie-be-fr,벨기에완료,121,109,False,count_lowerbound,"느림(상한걸림,하한값)"
datos-gob-mx-presupuesto,Mexico Ministries,108,108,True,measured,정상(측정됨)
nersc-no-en,Norway Research Centers,349,107,False,count_lowerbound,"느림(상한걸림,하한값)"
bmj-gv-at-ministerium,오스트리아완료,149,106,False,count_lowerbound,"느림(상한걸림,하한값)"
ifau-se-forskning,스웨덴 완료,101,106,True,count_exact,정상(count됨)
adruk-org-news-publications,영국완료,210,106,True,count_exact,정상(count됨)
environment-govt-nz-publications,뉴질랜드완료,249,106,False,count_lowerbound,"느림(상한걸림,하한값)"
miit-gov-cn-zc,중국 완료,104,104,True,measured,정상(측정됨)
harcresearch-org-news,American Research Institutes,240,104,True,count_exact,정상(count됨)
acpr-banque-france-fr-fr,French Public Institutions,225,103,False,count_lowerbound,"느림(상한걸림,하한값)"
lavoro-gov-it-stampa-e-media,Italy Ministries,340,102,False,count_lowerbound,"느림(상한걸림,하한값)"
kefm-dk-aftaler,덴마크완료,101,102,True,count_exact,정상(count됨)
fafo-no-en,Norway Research Centers,322,102,False,count_lowerbound,"느림(상한걸림,하한값)"
difesa-it-il-ministro,Italy Ministries,101,101,True,count_exact,정상(count됨)
swisspolar-ch-expeditions,Switzerland Research Centers,94,101,True,measured,정상(측정됨)
mfds-go-kr-brd,한국완료,461,100,False,count_lowerbound,"느림(상한걸림,하한값)"
gov-ie-en,Ireland Ministries,780,100,True,measured,정상(측정됨)
ami-swiss-en,Switzerland Research Centers,558,100,False,count_lowerbound,"느림(상한걸림,하한값)"
rosap-ntl-bts-gov-cbrowse,American Research Institutes,562,100,True,measured,정상(측정됨)
library-kwrwater-nl-en,Dutch Research Centers,51,100,True,measured,정상(측정됨)
fm-dk-udgivelser,덴마크완료,100,100,True,count_exact,정상(count됨)
health-ni-gov-uk-news,영국완료,137,100,True,count_exact,정상(count됨)
ncri-ie-en,Irish Research Centers,104,100,False,count_lowerbound,"느림(상한걸림,하한값)"
niddk-nih-gov-news,American Research Institutes,124,99,True,count_exact,정상(count됨)
sintef-no-en,Norway Research Centers,141,99,False,count_lowerbound,"느림(상한걸림,하한값)"
icp-fr-a-propos-de-licp,French Public Institutions,99,99,True,count_exact,정상(count됨)
klri-re-kr-kor,한국완료,590,98,False,count_lowerbound,"느림(상한걸림,하한값)"
gov-wales-publications,영국완료,155,98,False,count_lowerbound,"느림(상한걸림,하한값)"
hfml-felix-nl-en,Dutch Research Centers,62,98,True,measured,정상(측정됨)
minagric-gr-the-ministry-2,Greece Ministries,267,98,False,count_lowerbound,"느림(상한걸림,하한값)"
netl-doe-gov-energy-analysis,American Research Institutes,97,97,True,count_exact,정상(count됨)
meteofrance-fr-actualite,French Research Institutes,94,97,True,count_exact,정상(count됨)
elocus-lib-uoc-gr-search,Greece Research Centers,282,97,False,count_lowerbound,"느림(상한걸림,하한값)"
gichd-org-publications-resourc,Switzerland Research Centers,266,96,False,count_lowerbound,"느림(상한걸림,하한값)"
politie-be-statistieken,벨기에완료,95,95,True,count_exact,정상(count됨)
nichd-nih-gov-newsroom,American Research Institutes,329,95,False,count_lowerbound,"느림(상한걸림,하한값)"
futureneurocentre-ie-our-research,Irish Research Centers,455,95,True,measured,정상(측정됨)
nfa-go-kr-nfa,한국완료,112,95,True,count_exact,정상(count됨)
business-sweden-com-about-us,스웨덴 완료,94,94,True,count_exact,정상(count됨)
ustat-mur-gov-it,Italy Ministries,92,94,True,count_exact,정상(count됨)
nei-nih-gov-learn-about-eye-heal,American Research Institutes,88,93,True,measured,정상(측정됨)
fi-se-en,스웨덴 완료,122,93,True,count_exact,정상(count됨)
illustro-iadt-figshare-com-search,Irish Research Centers,92,92,True,count_exact,정상(count됨)
carabinieri-it-in-vostro-aiuto,Italy Ministries,301,91,False,count_lowerbound,"느림(상한걸림,하한값)"
cac-gov-cn-hdfw,중국 완료,89,91,True,count_exact,정상(count됨)
environment-govt-nz-acts-and-regulations,뉴질랜드완료,315,90,False,count_lowerbound,"느림(상한걸림,하한값)"
plan-be-nl,벨기에완료,152,90,False,count_lowerbound,"느림(상한걸림,하한값)"
didaktorika-gr-eadd,Greece Research Centers,118,90,False,count_lowerbound,"느림(상한걸림,하한값)"
xxgk-mot-gov-cn-2020,중국 완료,456,89,False,count_lowerbound,"느림(상한걸림,하한값)"
nps-or-kr-inforls,한국완료,115,89,False,count_lowerbound,"느림(상한걸림,하한값)"
srnl-gov-newsroom,American Research Institutes,88,89,True,measured,정상(측정됨)
nidcr-nih-gov-news-events,American Research Institutes,87,88,True,count_exact,정상(count됨)
bmwet-gv-at-services,오스트리아완료,89,87,True,count_exact,정상(count됨)
catalogue-data-govt-nz-dataset,뉴질랜드완료,85,86,True,count_exact,정상(count됨)
bdap-opendata-rgs-mef-gov-it-catalog,Italy Ministries,360,85,False,count_lowerbound,"느림(상한걸림,하한값)"
ens-lyon-fr-lecole,French Public Universities,154,85,False,count_lowerbound,"느림(상한걸림,하한값)"
datos-gob-mx-agricultura,Mexico Ministries,85,85,True,measured,정상(측정됨)
indicators-be-nl,벨기에완료,84,84,True,count_exact,정상(count됨)
college-de-france-fr-en,French Public Universities,105,84,False,count_lowerbound,"느림(상한걸림,하한값)"
bmds-bund-de-aktuelles,Germany Ministries,79,84,True,count_exact,정상(count됨)
klimaraadet-dk-da,덴마크완료,84,84,True,count_exact,정상(count됨)
ris-bka-gv-at-ergebniswxe,오스트리아완료,507,82,False,count_lowerbound,"느림(상한걸림,하한값)"
datos-gob-mx-dataset,Mexico Ministries,97,81,True,measured,정상(측정됨)
niaaa-nih-gov-news-events,American Research Institutes,80,80,True,count_exact,정상(count됨)
broadbentinstitute-ca-research,Canadian Research Centers,81,78,True,measured,정상(측정됨)
dol-gov-newsroom,USA Executive Departments,275,77,False,count_lowerbound,"느림(상한걸림,하한값)"
datenportal-bmbf-de-portal,독일완료,75,75,True,count_exact,정상(count됨)
opendata-dk-search,덴마크완료,70,75,True,measured,정상(측정됨)
apra-gov-au-statistics,호주완료,75,75,True,measured,정상(측정됨)
nioo-knaw-nl-en,Dutch Research Centers,75,75,True,count_exact,정상(count됨)
simula-no-publications,Norway Research Centers,73,73,True,count_exact,정상(count됨)
unidata-gv-at-pages,오스트리아완료,404,73,False,count_lowerbound,"느림(상한걸림,하한값)"
ninds-nih-gov-news-events,American Research Institutes,253,73,True,count_exact,정상(count됨)
kit-nl-institute,Dutch Research Centers,121,72,True,measured,정상(측정됨)
bundesgesundheitsministerium-de-service,독일완료,229,71,False,count_lowerbound,"느림(상한걸림,하한값)"
nfra-gov-cn-cn,중국 완료,726,70,True,count_exact,정상(count됨)
nidi-nl-en,Dutch Research Centers,285,70,False,count_lowerbound,"느림(상한걸림,하한값)"
ign-fr-espace-presse,French Public Institutions,67,70,True,count_exact,정상(count됨)
ninds-nih-gov-publications,American Research Institutes,71,70,True,count_exact,정상(count됨)
bmftr-bund-de-siteglobals,독일완료,197,69,False,count_lowerbound,"느림(상한걸림,하한값)"
issibern-ch-outreach,Switzerland Research Centers,157,69,False,count_lowerbound,"느림(상한걸림,하한값)"
iucn-org-press-releases,Switzerland Research Centers,68,69,True,count_exact,정상(count됨)
artsetmetiers-hal-science-search,French Public Universities,86,68,True,count_exact,정상(count됨)
ungeneva-org-en,Switzerland Research Centers,93,68,False,count_lowerbound,"느림(상한걸림,하한값)"
sib-swiss-training,Switzerland Research Centers,74,67,True,count_exact,정상(count됨)
rki-de-de,GER ResearchCenters(Unfinished),66,67,True,count_exact,정상(count됨)
justitsministeriet-dk-pressemeddelelse,덴마크완료,346,67,False,count_lowerbound,"느림(상한걸림,하한값)"
issibern-ch-results,Switzerland Research Centers,495,65,True,count_exact,정상(count됨)
publikationen-bundesregierung-de-pp-de,Germany Ministries,112,64,True,count_exact,정상(count됨)
cae-eco-fr-presse-cae-0,French Public Institutions,64,64,True,count_exact,정상(count됨)
mem-gov-cn-fw,중국 완료,62,63,True,count_exact,정상(count됨)
bm-dk-soeg,덴마크완료,88,63,False,count_lowerbound,"느림(상한걸림,하한값)"
cancer-fr-catalogue-des-public,French Public Institutions,12,63,True,measured,정상(측정됨)
irsn-fr-actualites,French Research Institutes,274,62,False,count_lowerbound,"느림(상한걸림,하한값)"
caitec-org-cn-n6,중국 완료,62,62,True,count_exact,정상(count됨)
publicservice-govt-nz-data,뉴질랜드완료,61,61,True,count_exact,정상(count됨)
igualdad-gob-es-comunicacion,Spain Ministries,216,58,False,count_lowerbound,"느림(상한걸림,하한값)"
ulsan-go-kr-u,한국완료,58,58,True,count_exact,정상(count됨)
kicj-re-kr-boardes,한국완료,154,58,False,count_lowerbound,"느림(상한걸림,하한값)"
kma-go-kr-kma,한국완료,86,58,True,count_exact,정상(count됨)
hi-no-en,Norway Research Centers,119,57,False,count_lowerbound,"느림(상한걸림,하한값)"
hatvp-fr-actualites-et-public,French Public Institutions,57,57,True,count_exact,정상(count됨)
neac-gov-cn-seac,중국 완료,57,57,True,count_exact,정상(count됨)
nia-nih-gov-news,American Research Institutes,95,57,True,count_exact,정상(count됨)
graduateinstitute-ch-library,Switzerland Research Centers,398,56,False,count_lowerbound,"느림(상한걸림,하한값)"
bfe-admin-ch-bfe,Switzerland Departments,1002,56,False,count_lowerbound,"느림(상한걸림,하한값)"
nccih-nih-gov-news,American Research Institutes,57,54,True,count_exact,정상(count됨)
issnationallab-org-research-and-science,American Research Institutes,12,54,True,measured,정상(측정됨)
sgu-se-en,스웨덴 완료,54,54,True,count_exact,정상(count됨)
noc-ac-uk-publications,영국완료,234,54,False,count_lowerbound,"느림(상한걸림,하한값)"
agriculture-gouv-fr-recherche-developpem,France Ministries,472,53,False,count_lowerbound,"느림(상한걸림,하한값)"
africamuseum-be-en,벨기에완료,52,52,True,count_exact,정상(count됨)
hautconseilclimat-fr-ressources-pedagogiq,French Public Institutions,234,52,True,measured,정상(측정됨)
asiapacific-ca-media,Canadian Research Centers,50,52,True,count_exact,정상(count됨)
etera-ee-browse,Estonia Research Centers,100403,52,False,count_lowerbound,"느림(상한걸림,하한값)"
centralesupelec-fr-presse,French Public Institutions,51,51,False,count_lowerbound,"느림(상한걸림,하한값)"
directives-doe-gov-guidance,USA Executive Departments,260,51,True,count_exact,정상(count됨)
uvek-admin-ch-en,Switzerland Departments,501,50,True,count_exact,정상(count됨)
etis-ee-portal,Estonia Research Centers,138,50,False,count_lowerbound,"느림(상한걸림,하한값)"
data-nist-gov-sdp,American Research Institutes,50,50,True,count_exact,정상(count됨)
pleanala-ie-en-ie,Irish Research Centers,54,50,True,count_exact,정상(count됨)
swisspeace-ch-publications,Switzerland Research Centers,304,49,False,count_lowerbound,"느림(상한걸림,하한값)"
mimit-gov-it-it,Italy Ministries,92,49,False,count_lowerbound,"느림(상한걸림,하한값)"
cstb-fr-communiques-de-press,French Research Institutes,48,48,True,count_exact,정상(count됨)
eda-admin-ch-eda,Switzerland Departments,12,48,True,count_exact,정상(count됨)
kammarkollegiet-se-aktuellt,스웨덴 완료,46,48,True,count_exact,정상(count됨)
nida-nih-gov-news-events,American Research Institutes,46,46,True,count_exact,정상(count됨)
efk-admin-ch-fr,Switzerland Research Centers,26,46,True,measured,정상(측정됨)
irpp-org-media,Canadian Research Centers,487,44,True,measured,정상(측정됨)
irpp-org-about-the-irpp,Canadian Research Centers,25,44,True,measured,정상(측정됨)
bmi-gv-at-114,오스트리아완료,76,42,True,count_exact,정상(count됨)
afd-fr-fr,French Public Institutions,797,42,True,count_exact,정상(count됨)
lne-fr-fr,French Research Institutes,40,42,True,measured,정상(측정됨)
trm-dk-nyheder,덴마크완료,404,42,False,count_lowerbound,"느림(상한걸림,하한값)"
nts-go-kr-nts,한국완료,42,42,True,count_exact,정상(count됨)
unikorea-go-kr-web,한국완료,47,41,True,count_exact,정상(count됨)
hhs-gov-guidance,USA Executive Departments,267,41,False,count_lowerbound,"느림(상한걸림,하한값)"
niehs-nih-gov-newsreleases,American Research Institutes,40,40,True,count_exact,정상(count됨)
alrc-gov-au-publications,호주완료,116,40,True,count_exact,정상(count됨)
nibib-nih-gov-news-events,American Research Institutes,39,39,True,count_exact,정상(count됨)
opendata-centralbank-ie-dataset,Irish Research Centers,38,39,True,count_exact,정상(count됨)
ufm-dk-publikationer,덴마크완료,44,38,True,count_exact,정상(count됨)
presse-cnam-fr-communiques,French Public Institutions,36,38,True,count_exact,정상(count됨)
hud-govt-nz-documents,뉴질랜드완료,148,38,False,count_lowerbound,"느림(상한걸림,하한값)"
mwr-gov-cn-english,중국 완료,37,37,True,count_exact,정상(count됨)
portaldiplomatico-mne-gov-pt-en,Portugal Ministries,378,37,False,count_lowerbound,"느림(상한걸림,하한값)"
presse-curie-fr-section,French Research Institutes,300,36,False,count_lowerbound,"느림(상한걸림,하한값)"
sfi-ch-en,Switzerland Research Centers,288,36,False,count_lowerbound,"느림(상한걸림,하한값)"
publications-idiap-ch-publications,Switzerland Research Centers,231,35,False,count_lowerbound,"느림(상한걸림,하한값)"
canurb-org-publications,Canadian Research Centers,92,35,True,measured,정상(측정됨)
nim-ac-cn-taxonomy,중국 완료,34,34,True,count_exact,정상(count됨)
nibio-no-en,Norway Research Centers,219,34,True,count_exact,정상(count됨)
rcaanc-cirnac-gc-ca-eng,Canada Ministries,33,33,True,count_exact,정상(count됨)
hcsp-fr-explorecgi,French Public Institutions,37,32,True,count_exact,정상(count됨)
oka-go-kr-web,한국완료,30,30,True,count_exact,정상(count됨)
banque-france-fr-en,French Public Institutions,530,30,True,count_exact,정상(count됨)
santepubliquefrance-fr-presse,French Public Institutions,624,30,False,count_lowerbound,"느림(상한걸림,하한값)"
dhs-gov-publication,USA Executive Departments,29,29,True,count_exact,정상(count됨)
nida-nih-gov-research-topics,American Research Institutes,29,29,True,count_exact,정상(count됨)
phfscience-nz-digital-library,뉴질랜드완료,501,28,True,measured,정상(측정됨)
openaire-eu-os-slovenia,Slovenia Research Centers,28,28,True,count_exact,정상(count됨)
dia-govt-nz-diawebsitensf,뉴질랜드완료,28,28,True,count_exact,정상(count됨)
scaht-org-en,Switzerland Research Centers,641,28,False,count_lowerbound,"느림(상한걸림,하한값)"
phfscience-nz-news-publications,뉴질랜드완료,32,28,True,measured,정상(측정됨)
moe-gov-cn-jyb_sjzl,중국 완료,28,28,True,count_exact,정상(count됨)
datos-gob-mx-seguridad,Mexico Ministries,27,27,True,measured,정상(측정됨)
ansto-gov-au-search,호주완료,30,27,True,count_exact,정상(count됨)
bankofcanada-ca-publications,Canadian Research Centers,27,27,True,count_exact,정상(count됨)
fibl-org-en,Switzerland Research Centers,539,27,False,count_lowerbound,"느림(상한걸림,하한값)"
csic-es-es,Spanish Research Centers,25,26,True,count_exact,정상(count됨)
archives-nationales-culture-gouv-fr-presse,French Public Institutions,15,26,True,measured,정상(측정됨)
miit-gov-cn-zwgk,중국 완료,26,26,True,count_exact,정상(count됨)
pure-mpg-de-search,GER ResearchCenters(Unfinished),75,25,True,count_exact,정상(count됨)
centralbank-ie-publication,Irish Research Centers,26,25,True,count_exact,정상(count됨)
um-dk-om-os,덴마크완료,24,24,True,count_exact,정상(count됨)
cepii-fr-cepii,French Public Institutions,540,24,True,count_exact,정상(count됨)
naturalengland-defra-opendata-arcgis-com-search,영국완료,167,24,True,measured,정상(측정됨)
seer-cancer-gov-report_to_nation,American Research Institutes,24,24,True,count_exact,정상(count됨)
kirj-ee-archive,Estonia Research Centers,3619,24,True,measured,정상(측정됨)
cancer-gov-about-nci,American Research Institutes,24,24,True,count_exact,정상(count됨)
geoportal-statistics-gov-uk-search,영국완료,346,24,True,measured,정상(측정됨)
justitsministeriet-dk-forskning,덴마크완료,24,24,True,count_exact,정상(count됨)
comptroller-defense-gov-odcfo,USA Executive Departments,24,24,True,count_exact,정상(count됨)
cc-nih-gov-research,American Research Institutes,199,22,True,count_exact,정상(count됨)
vbs-admin-ch-en,Switzerland Departments,111,21,False,count_lowerbound,"느림(상한걸림,하한값)"
icn-artem-com-en,French Public Universities,6,21,True,count_exact,정상(count됨)
meri-belspo-be-site,벨기에완료,21,21,True,count_exact,정상(count됨)
nigms-nih-gov-news,American Research Institutes,21,21,True,count_exact,정상(count됨)
keis-or-kr-keis,한국완료,22,21,True,count_exact,정상(count됨)
en-ird-fr-sections,French Research Institutes,84,21,True,measured,정상(측정됨)
edi-admin-ch-de,Switzerland Departments,360,20,True,count_exact,정상(count됨)
economy-ni-gov-uk-news,영국완료,500,20,True,count_exact,정상(count됨)
nhlbi-nih-gov-about,American Research Institutes,22,20,True,measured,정상(측정됨)
infrastructure-ni-gov-uk-news,영국완료,420,20,True,count_exact,정상(count됨)
amf-france-org-fr,French Public Institutions,157,20,False,count_lowerbound,"느림(상한걸림,하한값)"
international-andra-fr-documents-and-visual,French Research Institutes,34,20,True,measured,정상(측정됨)
bmwsb-bund-de-de,독일완료,20,20,True,count_exact,정상(count됨)
exteriores-gob-es-en,Spain Ministries,55,20,True,measured,정상(측정됨)
health-ni-gov-uk-publications,영국완료,503,20,True,count_exact,정상(count됨)
nifu-no-en,Norway Research Centers,363,20,False,count_lowerbound,"느림(상한걸림,하한값)"
vlaanderen-be-nieuwsberichten,벨기에완료,26,20,True,count_exact,정상(count됨)
bmvg-de-en,Germany Ministries,20,20,True,count_exact,정상(count됨)
mim-gov-it-web,Italy Ministries,41,20,True,count_exact,정상(count됨)
openscience-si-naprednoiskanjeaspx,Slovenia Research Centers,30,19,False,count_lowerbound,"느림(상한걸림,하한값)"
data-mfe-govt-nz-documents,뉴질랜드완료,21,19,False,count_lowerbound,"느림(상한걸림,하한값)"
nesc-ie-publications,Irish Research Centers,121,19,False,count_lowerbound,"느림(상한걸림,하한값)"
reseau-canope-fr-espace-presse,French Public Institutions,19,19,True,count_exact,정상(count됨)
mohrss-gov-cn-xxgk2020,중국 완료,19,19,True,count_exact,정상(count됨)
search-nal-usda-gov-discovery,USA Executive Departments,452,19,True,count_exact,정상(count됨)
asn-fr-information,French Public Institutions,19,19,True,count_exact,정상(count됨)
iucn-org-about-iucn,Switzerland Research Centers,19,19,True,count_exact,정상(count됨)
kamco-or-kr-portal,한국완료,19,19,True,count_exact,정상(count됨)
mwr-gov-cn-zwgk,중국 완료,18,18,True,count_exact,정상(count됨)
bmlv-gv-at-wissen-forschung,오스트리아완료,18,18,True,count_exact,정상(count됨)
khs-go-kr-newsbbz,한국완료,1249,18,False,count_lowerbound,"느림(상한걸림,하한값)"
moe-gov-cn-jyb_xxgk,중국 완료,18,18,True,count_exact,정상(count됨)
bmimi-gv-at-themen,오스트리아완료,18,18,True,count_exact,정상(count됨)
vtg-admin-ch-en,Switzerland Departments,18,18,True,count_exact,정상(count됨)
sozialministerium-gv-at-services,오스트리아완료,206,17,False,count_lowerbound,"느림(상한걸림,하한값)"
bmwkms-gv-at-themen,오스트리아완료,41,17,True,count_exact,정상(count됨)
budget-canada-ca-home-accueil-enhtml,Canada Ministries,17,17,True,count_exact,정상(count됨)
finance-ni-gov-uk-publications,영국완료,336,17,True,count_exact,정상(count됨)
bmleh-de-en,독일완료,26,16,True,count_exact,정상(count됨)
msd-govt-nz-about-msd-and-our-wo,뉴질랜드완료,16,16,True,count_exact,정상(count됨)
www2-mrc-lmb-cam-ac-uk-research,영국완료,47,16,True,count_exact,정상(count됨)
datos-gob-mx-secretaria-trabajo,Mexico Ministries,16,16,True,measured,정상(측정됨)
datos-gob-mx-territorio,Mexico Ministries,16,16,True,measured,정상(측정됨)
niams-nih-gov-newsroom,American Research Institutes,15,15,True,count_exact,정상(count됨)
sante-gouv-fr-ministere,France Ministries,145,15,False,count_lowerbound,"느림(상한걸림,하한값)"
nbb-be-en,벨기에완료,15,15,True,count_exact,정상(count됨)
mva-gov-cn-gongkai,중국 완료,15,15,True,count_exact,정상(count됨)
science-libraries-canada-ca-eng,Canadian Research Centers,31,15,False,count_lowerbound,"느림(상한걸림,하한값)"
nei-nih-gov-about,American Research Institutes,14,14,True,count_exact,정상(count됨)
international-gc-ca-transparency-transpa,Canada Ministries,22,14,True,count_exact,정상(count됨)
marine-ie-site-area,Irish Research Centers,24,14,True,count_exact,정상(count됨)
women-govt-nz-library,뉴질랜드완료,14,14,True,count_exact,정상(count됨)
international-canada-ca-en,Canada Ministries,14,14,True,count_exact,정상(count됨)
nimhd-nih-gov-news-events,American Research Institutes,13,13,True,count_exact,정상(count됨)
search-worldcat-org-ko,USA Executive Departments,14,13,True,count_exact,정상(count됨)
home-treasury-gov-about,USA Executive Departments,12,12,True,count_exact,정상(count됨)
moh-gov-gr-articles,Greece Ministries,5608,12,True,measured,정상(측정됨)
arn-se-om-arn,스웨덴 완료,80,12,True,count_exact,정상(count됨)
khs-go-kr-cop,한국완료,38,12,False,count_lowerbound,"느림(상한걸림,하한값)"
bjerknes-uib-no-en,Norway Research Centers,214,12,True,measured,정상(측정됨)
mfat-govt-nz-en,뉴질랜드완료,11,11,True,count_exact,정상(count됨)
justice-ni-gov-uk-publications,영국완료,228,11,True,count_exact,정상(count됨)
arcnl-nl-publications,Dutch Research Centers,11,11,True,count_exact,정상(count됨)
energy-gov-open-government,USA Executive Departments,10,10,True,count_exact,정상(count됨)
siseministeerium-ee-otsing,Estonia Ministries,20,10,True,count_exact,정상(count됨)
nnsa-mee-gov-cn-english,중국 완료,10,10,True,count_exact,정상(count됨)
hec-edu-en,French Public Universities,16,10,True,count_exact,정상(count됨)
eng-mod-gov-cn-2025xb,중국 완료,10,10,True,count_exact,정상(count됨)
kliimaministeerium-ee-otsing,Estonia Ministries,10,10,True,count_exact,정상(count됨)
state-gov-department-reports,USA Executive Departments,10,10,True,count_exact,정상(count됨)
nhc-gov-cn-wjw,중국 완료,71,10,False,count_lowerbound,"느림(상한걸림,하한값)"
telemarksforsking-no-publikasjoner,Norway Research Centers,280,9,False,count_lowerbound,"느림(상한걸림,하한값)"
kicce-re-kr-main,한국완료,368,9,True,count_exact,정상(count됨)
mof-gov-cn-en,중국 완료,9,9,True,count_exact,정상(count됨)
datos-gob-mx-secretaria-salud,Mexico Ministries,9,9,True,measured,정상(측정됨)
en-nhc-gov-cn-publicationshtml,중국 완료,9,9,True,count_exact,정상(count됨)
boverket-se-en,스웨덴 완료,9,9,True,count_exact,정상(count됨)
bundesfinanzministerium-de-web,Germany Ministries,112,8,True,measured,정상(측정됨)
ptb-de-cms,GER ResearchCenters(Unfinished),8,8,True,count_exact,정상(count됨)
dhs-gov-news-releases,USA Executive Departments,79,8,False,count_lowerbound,"느림(상한걸림,하한값)"
casseng-cssn-cn-sky_research,중국 완료,8,8,True,count_exact,정상(count됨)
news-admin-ch-en,Switzerland Departments,0,7,True,count_exact,정상(count됨)
kipa-re-kr-html,한국완료,8,7,True,count_exact,정상(count됨)
bundesumweltministerium-de-en,Germany Ministries,7,7,True,count_exact,정상(count됨)
bmz-de-de,Germany Ministries,6,6,False,count_lowerbound,"느림(상한걸림,하한값)"
emsl-pnnl-gov-science,American Research Institutes,6,6,True,count_exact,정상(count됨)
iucn-org-resources,Switzerland Research Centers,6,6,True,count_exact,정상(count됨)
reglementation-controle-asnr-fr-information,French Public Institutions,6,6,True,count_exact,정상(count됨)
ncats-nih-gov-news-events,American Research Institutes,19,6,True,count_exact,정상(count됨)
chinatax-gov-cn-chinatax,중국 완료,6,6,True,count_exact,정상(count됨)
jgi-doe-gov-user-science,American Research Institutes,682,6,True,measured,정상(측정됨)
garda-ie-en,Irish Research Centers,94,5,True,measured,정상(측정됨)
pembina-org-media-releases,Canadian Research Centers,494,5,True,measured,정상(측정됨)
datos-gob-mx-turismo,Mexico Ministries,4,4,True,measured,정상(측정됨)
ppforum-ca-press-releases,Canadian Research Centers,42,4,True,measured,정상(측정됨)
agri-ee-ministeerium-uudised,Estonia Ministries,122,4,False,count_lowerbound,"느림(상한걸림,하한값)"
nikhef-nl-pub,Dutch Research Centers,26,4,True,count_exact,정상(count됨)
data-gouv-fr-organizations,French Research Institutes,200,4,True,measured,정상(측정됨)
cnl-ca-news-publications,Canadian Research Centers,137,3,True,measured,정상(측정됨)
education-govt-nz-search,뉴질랜드완료,66,3,True,measured,정상(측정됨)
bmf-gv-at-ministerium,오스트리아완료,36,3,True,count_exact,정상(count됨)
education-govt-nz-our-work,뉴질랜드완료,34,3,True,measured,정상(측정됨)
forskningsradet-no-om-forskningsradet,Norway Research Centers,356,2,True,measured,정상(측정됨)
bra-se-english,스웨덴 완료,306,2,True,measured,정상(측정됨)
kfss-forest-go-kr-stat,한국완료,15,2,True,measured,정상(측정됨)
yme-gr-2013-01-31-06-37-23,Greece Ministries,3380,2,True,measured,정상(측정됨)
pbocri-org-cn-xslwhtml,중국 완료,2,2,True,count_exact,정상(count됨)
cedelft-eu-reports,Dutch Research Centers,500,1,True,measured,정상(측정됨)
genome-gov-about-nhgri,American Research Institutes,42,1,False,count_lowerbound,"느림(상한걸림,하한값)"
cwf-ca-publications,Canadian Research Centers,228,1,True,measured,정상(측정됨)
kommunekredit-com-about-us,덴마크완료,24,1,True,measured,정상(측정됨)
afp-gov-au-search,호주완료,49,1,True,count_exact,정상(count됨)
gob-mx-stps,Mexico Ministries,748,0,True,count_exact,크롤러없음
om-mp-be-nl,벨기에완료,239,0,True,count_exact,고장(0건파싱)
mpi-govt-nz-about-mpi,뉴질랜드완료,14,0,True,count_exact,고장(0건파싱)
bam-de-navigation,GER ResearchCenters(Unfinished),308,0,True,count_exact,고장(0건파싱)
inria-hal-science-search,French Research Institutes,1083,,False,unknown,미조사
genomecanada-ca-about,Canadian Research Centers,50,0,True,count_exact,고장(0건파싱)
chineseafs-org-ckynewsmgr,중국 완료,30,0,True,count_exact,고장(0건파싱)
gob-mx-segob,Mexico Ministries,747,0,True,count_exact,크롤러없음
nih-gov-news-events,American Research Institutes,409,0,True,count_exact,고장(0건파싱)
gob-mx-defensa,Mexico Ministries,756,0,True,count_exact,크롤러없음
nupi-no-en,Norway Research Centers,28,0,True,count_exact,고장(0건파싱)
gob-mx-bienestar,Mexico Ministries,729,0,True,count_exact,크롤러없음
ypergasias-gov-gr-category,Greece Ministries,531,0,True,count_exact,고장(0건파싱)
cells-es-en,Spanish Research Centers,11,0,True,count_exact,고장(0건파싱)
eprr-lanl-gov,American Research Institutes,367,0,True,count_exact,고장(0건파싱)
consult-environment-govt-nz-resource-management,뉴질랜드완료,58,0,True,count_exact,고장(0건파싱)
wbf-admin-ch-en,Switzerland Departments,500,0,True,count_exact,고장(0건파싱)
gob-mx-se,Mexico Ministries,762,0,True,count_exact,크롤러없음
tigta-gov-reports,USA Executive Departments,133,0,False,count_lowerbound,"느림(상한걸림,하한값)"
netl-doe-gov-advsearch,American Research Institutes,28,0,True,count_exact,고장(0건파싱)
gob-mx-shcp,Mexico Ministries,762,0,True,count_exact,크롤러없음
ineris-fr-fr,French Research Institutes,141,0,False,count_lowerbound,"느림(상한걸림,하한값)"
regjeringen-no-en,Norway Ministries,187,0,True,count_exact,고장(0건파싱)
transparency-gov-au-publications,호주완료,2694,0,True,count_exact,고장(0건파싱)
english-mee-gov-cn-resources,중국 완료,20,0,True,count_exact,고장(0건파싱)
nidcd-nih-gov-news,American Research Institutes,203,0,True,count_exact,고장(0건파싱)
pbocri-org-cn-lnzy3html,중국 완료,8,0,True,count_exact,고장(0건파싱)
csrc-gov-cn-csrc_en,중국 완료,9,0,True,count_exact,고장(0건파싱)
consult-environment-govt-nz-climate,뉴질랜드완료,72,0,True,count_exact,고장(0건파싱)
nec-go-kr-site,한국완료,175,0,False,count_lowerbound,"느림(상한걸림,하한값)"
en-ndrc-gov-cn-policies,중국 완료,52,0,True,count_exact,고장(0건파싱)
mpi-govt-nz-resources-and-forms,뉴질랜드완료,35,0,True,count_exact,고장(0건파싱)
hal-science-afd,French Public Institutions,59,,False,unknown,미조사
noc-ac-uk-about-us,영국완료,7,0,True,count_exact,고장(0건파싱)
insee-fr-fr,French Public Institutions,223,0,False,count_lowerbound,"느림(상한걸림,하한값)"
data-gov-be-nl,벨기에완료,132,0,True,count_exact,고장(0건파싱)
nidcd-nih-gov-order,American Research Institutes,90,0,True,count_exact,고장(0건파싱)
stat-inst-se-om-sis,스웨덴 완료,69,0,False,count_lowerbound,"느림(상한걸림,하한값)"
arcep-fr-actualites,French Public Institutions,34,0,True,count_exact,고장(0건파싱)
dapa-go-kr-dapa,한국완료,970,0,True,count_exact,고장(0건파싱)
safefood-net-news,Irish Research Centers,31,0,True,count_exact,고장(0건파싱)
gob-mx-semarnat,Mexico Ministries,774,0,True,count_exact,크롤러없음
data-e-gov-go-jp-data,일본완료,1392,,False,unknown,미조사
publicsafety-gc-ca-cnt,Canada Ministries,424,0,True,count_exact,고장(0건파싱)
gob-mx-agricultura,Mexico Ministries,729,0,True,count_exact,크롤러없음
met-no-publikasjoner,Norway Research Centers,116,0,False,count_lowerbound,"느림(상한걸림,하한값)"
gob-mx-sspc,Mexico Ministries,773,0,True,count_exact,크롤러없음
minfin-gov-gr-grafeio-typou,Greece Ministries,1797,0,True,count_exact,고장(0건파싱)
nzpri-aut-ac-nz-document-library,뉴질랜드완료,7,0,True,count_exact,고장(0건파싱)
mbie-govt-nz-building-and-energy,뉴질랜드완료,80,0,True,count_exact,고장(0건파싱)
nkvts-no-english,Norway Research Centers,562,0,True,count_exact,고장(0건파싱)
astron-nl-about,Dutch Research Centers,57,0,True,count_exact,고장(0건파싱)
en-moj-gov-cn-lawsandregulationsht,중국 완료,15,0,True,count_exact,고장(0건파싱)
gob-mx-semar,Mexico Ministries,783,0,True,count_exact,크롤러없음
gob-mx-sedatu,Mexico Ministries,756,0,True,count_exact,크롤러없음
gob-mx-mujeres,Mexico Ministries,270,0,True,count_exact,크롤러없음
science-astron-nl-science-astron,Dutch Research Centers,117,0,True,count_exact,고장(0건파싱)
hal-science-ign-ensg,French Public Institutions,3288,,False,unknown,미조사
inria-fr-fr,French Research Institutes,114,0,True,count_exact,고장(0건파싱)
gob-mx-sre,Mexico Ministries,774,0,True,count_exact,크롤러없음
doc-cerema-fr-default,French Research Institutes,697,0,True,count_exact,고장(0건파싱)
iwhr-com-zgskywwnew,중국 완료,62,0,True,count_exact,고장(0건파싱)
harcresearch-org-research,American Research Institutes,41,0,True,count_exact,고장(0건파싱)
rijksoverheid-nl-documenten,Netherland Ministries,274,0,True,count_exact,고장(0건파싱)
andra-fr-publications,French Research Institutes,1,0,True,count_exact,고장(0건파싱)
ifr-pan-edu-pl-dzialalnosc-naukowa,Polish Research Centers,232,0,True,count_exact,고장(0건파싱)
ethniccommunities-govt-nz-resources,뉴질랜드완료,85,0,True,count_exact,고장(0건파싱)
gob-mx-sectur,Mexico Ministries,765,0,True,count_exact,크롤러없음
gob-mx-sict,Mexico Ministries,747,0,True,count_exact,크롤러없음
mnd-go-kr-user,한국완료,304,0,True,count_exact,고장(0건파싱)
bj-admin-ch-bj,Switzerland Departments,41,0,True,count_exact,고장(0건파싱)
stats-govt-nz-publications,뉴질랜드완료,87,0,True,count_exact,고장(0건파싱)
anses-fr-fr,French Research Institutes,6091,0,False,count_lowerbound,"느림(상한걸림,하한값)"
eprints-imtlucca-it-cgi,Italy Research centers,1461,0,True,count_exact,고장(0건파싱)
bordbia-ie-about,Irish Research Centers,20,0,True,count_exact,고장(0건파싱)
minscfa-gov-gr-grafeio-typou,Greece Ministries,626,0,True,count_exact,고장(0건파싱)
nih-gov-press-room,American Research Institutes,449,0,True,count_exact,고장(0건파싱)
gob-mx-sep,Mexico Ministries,774,0,True,count_exact,크롤러없음
pmc-gov-au-resources,호주완료,129,0,True,count_exact,고장(0건파싱)
eprints-soton-ac-uk-view,영국완료,259,0,True,count_exact,고장(0건파싱)
gsi-ie-en-ie,Irish Research Centers,113,0,True,count_exact,고장(0건파싱)
provenienzforschung-gv-at-empfehlungen-des-bei,오스트리아완료,425,0,False,count_lowerbound,"느림(상한걸림,하한값)"
environment-govt-nz-what-you-can-do,뉴질랜드완료,58,0,True,count_exact,고장(0건파싱)
gob-mx-buengobierno,Mexico Ministries,771,0,True,count_exact,크롤러없음
minedu-gov-gr-grafeio-typoy-kai-di,Greece Ministries,404,0,True,count_exact,고장(0건파싱)
inrae-fr-actualites,French Research Institutes,830,0,True,count_exact,고장(0건파싱)
gob-mx-salud,Mexico Ministries,765,0,True,count_exact,크롤러없음
gov-gr-search,Greece Ministries,489,0,True,count_exact,고장(0건파싱)
kihasa-re-kr-publish,한국완료,673,0,False,count_lowerbound,"느림(상한걸림,하한값)"
cerema-fr-fr,French Research Institutes,231,0,True,count_exact,고장(0건파싱)
kostat-go-kr-boardes,한국완료,100,0,True,count_exact,고장(0건파싱)
data-biodiversity-be-dataset,벨기에완료,524,0,True,count_exact,고장(0건파싱)
en-iwhr-cn-iwhr-english-new,중국 완료,458,0,True,count_exact,고장(0건파싱)
transport-govt-nz-documents-and-public,뉴질랜드완료,3,0,True,count_exact,고장(0건파싱)
bfr-bund-de-en,GER ResearchCenters(Unfinished),23,0,False,count_lowerbound,"느림(상한걸림,하한값)"
baw-de-en,GER ResearchCenters(Unfinished),14,0,True,count_exact,고장(0건파싱)
transportation-gov-newsroom,USA Executive Departments,205,0,True,count_exact,고장(0건파싱)
cso-ie-en,Irish Research Centers,388,0,True,count_exact,고장(0건파싱)
opendatacommunities-org-data,영국완료,3,0,True,count_exact,고장(0건파싱)
astro-oma-be-en,벨기에완료,22,0,True,count_exact,고장(0건파싱)
socialstyrelsen-se-en,스웨덴 완료,127,0,False,count_lowerbound,"느림(상한걸림,하한값)"
consult-environment-govt-nz-waste,뉴질랜드완료,58,0,True,count_exact,고장(0건파싱)
