site_id,site_name,evidence,collected
academie-sciences-fr-espace-presse,Custom: academie-sciences-fr-espace-presse,정밀검증 확정,68
accc-gov-au-about-us,Custom: accc-gov-au-about-us,ok(건강검진),502
accc-gov-au-search,Custom: accc-gov-au-search,ok(건강검진),454
acma-gov-au-publications,Australian Communications and Media Authority — Publications,ok(건강검진),316
acpr-banque-france-fr-fr,Custom: acpr-banque-france-fr-fr,ok(건강검진),225
adaptcentre-ie-research,Custom: adaptcentre-ie-research,ok(건강검진),206
adruk-org-news-publications,Custom: adruk-org-news-publications,ok(건강검진),210
afd-fr-fr,Custom: afd-fr-fr,ok(건강검진),797
afp-gov-au-news-centre,Custom: afp-gov-au-news-centre,ok(건강검진),432
afp-gov-au-search,Custom: afp-gov-au-search,ok(건강검진),49
africamuseum-be-en,Custom: africamuseum-be-en,ok(건강검진),52
ag-gov-au-publications,Attorney-General's Department — Publications,ok(건강검진),607
agri-ee-ministeerium-uudised,Custom: agri-ee-ministeerium-uudised,ok(건강검진),122
agriculture-gouv-fr-recherche-developpem,Custom: agriculture-gouv-fr-recherche-developpem,ok(건강검진),472
alrc-gov-au-publications,Custom: alrc-gov-au-publications,ok(건강검진),116
ameslab-gov-news,Custom: ameslab-gov-news,ok(건강검진),394
amf-france-org-fr,Custom: amf-france-org-fr,ok(건강검진),157
ami-swiss-en,Custom: ami-swiss-en,ok(건강검진),558
amolf-nl-publications,Custom: amolf-nl-publications,ok(건강검진),512
amu-hal-science-search,Custom: amu-hal-science-search,ok(건강검진),3048
anr-hal-science-search,Custom: anr-hal-science-search,ok(건강검진),363
anses-fr-fr,Custom: anses-fr-fr,정밀검증 확정,6091
ansto-gov-au-search,Custom: ansto-gov-au-search,ok(건강검진),30
app-mps-gov-cn-gdnps,Custom: app-mps-gov-cn-gdnps,ok(건강검진),501
apra-gov-au-statistics,Custom: apra-gov-au-statistics,ok(건강검진),75
arcep-fr-actualites,Custom: arcep-fr-actualites,ok(건강검진),34
archives-nationales-culture-gouv-fr-presse,Custom: archives-nationales-culture-gouv-fr-presse,ok(건강검진),15
arcnl-nl-publications,Custom: arcnl-nl-publications,ok(건강검진),11
arcom-fr-presse,Custom: arcom-fr-presse,ok(건강검진),290
arn-se-om-arn,Custom: arn-se-om-arn,ok(건강검진),80
arrow-tudublin-ie-creaart,Custom: arrow-tudublin-ie-creaart,ok(건강검진),229
artsetmetiers-fr-fr,Custom: artsetmetiers-fr-fr,ok(건강검진),222
artsetmetiers-hal-science-search,Custom: artsetmetiers-hal-science-search,ok(건강검진),86
asiapacific-ca-media,Custom: asiapacific-ca-media,ok(건강검진),50
asn-fr-information,Custom: asn-fr-information,ok(건강검진),19
astro-oma-be-en,Custom: astro-oma-be-en,정밀검증 확정,22
astron-nl-about,Custom: astron-nl-about,ok(건강검진),57
audencia-com-lecole,Custom: audencia-com-lecole,ok(건강검진),246
auri-re-kr-boardes,Custom: auri-re-kr-boardes,ok(건강검진),260
auri-re-kr-publication,Custom: auri-re-kr-publication,ok(건강검진),593
auswaertiges-amt-de-de,Custom: auswaertiges-amt-de-de,ok(건강검진),224
auswaertiges-amt-de-en,Custom: auswaertiges-amt-de-en,ok(건강검진),526
avoindata-suomi-fi-data,Custom: avoindata-suomi-fi-data,ok(건강검진),154
babraham-ac-uk-news,Custom: babraham-ac-uk-news,ok(건강검진),483
bam-de-navigation,Custom: bam-de-navigation,ok(건강검진),308
bankofcanada-ca-publications,Custom: bankofcanada-ca-publications,ok(건강검진),27
banque-france-fr-en,Custom: banque-france-fr-en,ok(건강검진),530
baw-de-en,Custom: baw-de-en,정밀검증 확정,14
bdap-opendata-rgs-mef-gov-it-catalog,Custom: bdap-opendata-rgs-mef-gov-it-catalog,ok(건강검진),360
benthamscience-com-press-release,Custom: benthamscience-com-press-release,ok(건강검진),191
bfe-admin-ch-bfe,Custom: bfe-admin-ch-bfe,ok(건강검진),1002
bfr-bund-de-en,Custom: bfr-bund-de-en,ok(건강검진),23
bfs-admin-ch-bfs,Custom: bfs-admin-ch-bfs,ok(건강검진),384
biblio-naturalsciences-be-rbins-publications,Custom: biblio-naturalsciences-be-rbins-publications,ok(건강검진),500
biorbic-com-publications,Custom: biorbic-com-publications,ok(건강검진),497
bj-admin-ch-bj,Custom: bj-admin-ch-bj,ok(건강검진),41
bjerknes-uib-no-en,Custom: bjerknes-uib-no-en,ok(건강검진),214
bm-dk-soeg,Custom: bm-dk-soeg,ok(건강검진),88
bmas-de-de,Custom: bmas-de-de,ok(건강검진),454
bmbfsfj-bund-de-bmbfsfj,Custom: bmbfsfj-bund-de-bmbfsfj,ok(건강검진),502
bmds-bund-de-aktuelles,Custom: bmds-bund-de-aktuelles,ok(건강검진),79
bmf-gv-at-ministerium,Custom: bmf-gv-at-ministerium,ok(건강검진),36
bmftr-bund-de-siteglobals,Custom: bmftr-bund-de-siteglobals,ok(건강검진),197
bmi-gv-at-114,Custom: bmi-gv-at-114,ok(건강검진),76
bmimi-gv-at-themen,Custom: bmimi-gv-at-themen,ok(건강검진),18
bmj-gv-at-ministerium,Custom: bmj-gv-at-ministerium,ok(건강검진),149
bmleh-de-en,Custom: bmleh-de-en,ok(건강검진),26
bmleh-de-siteglobals,Custom: bmleh-de-siteglobals,ok(건강검진),200
bmluk-gv-at-service,Custom: bmluk-gv-at-service,ok(건강검진),315
bmlv-gv-at-wissen-forschung,Custom: bmlv-gv-at-wissen-forschung,ok(건강검진),18
bmv-de-en,Custom: bmv-de-en,정밀검증 확정,11
bmvg-de-en,Custom: bmvg-de-en,ok(건강검진),20
bmwet-gv-at-services,Custom: bmwet-gv-at-services,ok(건강검진),89
bmwkms-gv-at-themen,Custom: bmwkms-gv-at-themen,ok(건강검진),41
bmwsb-bund-de-de,Custom: bmwsb-bund-de-de,ok(건강검진),20
bmz-de-de,Custom: bmz-de-de,ok(건강검진),6
bnf-fr-fr,Custom: bnf-fr-fr,ok(건강검진),488
bok-or-kr-portal,Custom: bok-or-kr-portal,ok(건강검진),430
book-ioj-go-kr-library,Custom: book-ioj-go-kr-library,ok(건강검진),500
boverket-se-en,Custom: boverket-se-en,ok(건강검진),9
bra-se-english,Custom: bra-se-english,ok(건강검진),306
brgm-fr-fr,Custom: brgm-fr-fr,ok(건강검진),234
broadbentinstitute-ca-research,Custom: broadbentinstitute-ca-research,ok(건강검진),81
brsn-net-list,Custom: brsn-net-list,ok(건강검진),500
budget-canada-ca-home-accueil-enhtml,Custom: budget-canada-ca-home-accueil-enhtml,ok(건강검진),17
bundesfinanzministerium-de-web,Custom: bundesfinanzministerium-de-web,ok(건강검진),112
bundesgesundheitsministerium-de-service,Custom: bundesgesundheitsministerium-de-service,ok(건강검진),229
bundeskanzleramt-gv-at-bundeskanzleramt,Custom: bundeskanzleramt-gv-at-bundeskanzleramt,ok(건강검진),480
bundesumweltministerium-de-en,Custom: bundesumweltministerium-de-en,ok(건강검진),7
busan-go-kr-nbtnewsbu,Custom: busan-go-kr-nbtnewsbu,ok(건강검진),537
business-sweden-com-about-us,Custom: business-sweden-com-about-us,ok(건강검진),94
cac-gov-cn-hdfw,Custom: cac-gov-cn-hdfw,ok(건강검진),89
cae-eco-fr-presse-cae-0,Custom: cae-eco-fr-presse-cae-0,ok(건강검진),64
caissedesdepots-fr-communiques-de-press,Custom: caissedesdepots-fr-communiques-de-press,ok(건강검진),1201
caitec-org-cn-n6,Custom: caitec-org-cn-n6,ok(건강검진),62
canada-ca-en,Custom: canada-ca-en,ok(건강검진),948
cancer-fr-catalogue-des-public,Custom: cancer-fr-catalogue-des-public,ok(건강검진),12
cancer-fr-presse,Custom: cancer-fr-presse,ok(건강검진),110
cancer-gov-about-nci,Custom: cancer-gov-about-nci,ok(건강검진),24
canurb-org-publications,Custom: canurb-org-publications,ok(건강검진),92
carabinieri-it-in-vostro-aiuto,Custom: carabinieri-it-in-vostro-aiuto,ok(건강검진),301
casseng-cssn-cn-sky_research,Custom: casseng-cssn-cn-sky_research,ok(건강검진),8
catalog-data-metro-tokyo-lg-jp-dataset,Custom: catalog-data-metro-tokyo-lg-jp-dataset,ok(건강검진),492
catalogue-data-govt-nz-dataset,Custom: catalogue-data-govt-nz-dataset,ok(건강검진),85
cc-nih-gov-research,Custom: cc-nih-gov-research,ok(건강검진),199
cdhowe-org-research-insights,Custom: cdhowe-org-research-insights,ok(건강검진),344
cds-cern-ch-collection,Custom: cds-cern-ch-collection,ok(건강검진),505
cea-hal-science-cnrgh,Custom: cea-hal-science-cnrgh,ok(건강검진),759
cedelft-eu-reports,Custom: cedelft-eu-reports,ok(건강검진),500
cells-es-en,Custom: cells-es-en,정밀검증 확정,11
centralbank-ie-publication,Custom: centralbank-ie-publication,ok(건강검진),26
centralesupelec-fr-presse,Custom: centralesupelec-fr-presse,ok(건강검진),51
cepii-fr-cepii,Custom: cepii-fr-cepii,ok(건강검진),540
cer-rec-gc-ca-en,Custom: cer-rec-gc-ca-en,ok(건강검진),175
cerema-fr-fr,Custom: cerema-fr-fr,ok(건강검진),231
chinatax-gov-cn-chinatax,Custom: chinatax-gov-cn-chinatax,ok(건강검진),6
chungnam-go-kr-cnportal,Custom: chungnam-go-kr-cnportal,ok(건강검진),425
cigionline-org-publications,Custom: cigionline-org-publications,ok(건강검진),500
cirad-fr-espace-presse,Custom: cirad-fr-espace-presse,ok(건강검진),360
civilprotection-gov-gr-deltia-tupou,Custom: civilprotection-gov-gr-deltia-tupou,ok(건강검진),500
climateinstitute-ca-newsroom,Custom: climateinstitute-ca-newsroom,ok(건강검진),110
cmi-no-publications,Custom: cmi-no-publications,ok(건강검진),346
cnam-hal-science-ceet,Custom: cnam-hal-science-ceet,ok(건강검진),279
cnam-hal-science-search,Custom: cnam-hal-science-search,ok(건강검진),975
cnes-fr-communiques,Custom: cnes-fr-communiques,ok(건강검진),119
cnic-es-en,Custom: cnic-es-en,ok(건강검진),419
cnipa-gov-cn-col,Custom: cnipa-gov-cn-col,ok(건강검진),213
cnl-ca-news-publications,Custom: cnl-ca-news-publications,정밀검증 확정,137
college-de-france-fr-en,Custom: college-de-france-fr-en,ok(건강검진),105
comptroller-defense-gov-odcfo,Custom: comptroller-defense-gov-odcfo,ok(건강검진),24
comwel-or-kr-comwel,Custom: comwel-or-kr-comwel,ok(건강검진),471
consult-environment-govt-nz-climate,Custom: consult-environment-govt-nz-climate,ok(건강검진),72
consult-environment-govt-nz-resource-management,Custom: consult-environment-govt-nz-resource-management,ok(건강검진),58
consult-environment-govt-nz-waste,Custom: consult-environment-govt-nz-waste,ok(건강검진),58
cora-ucc-ie-search,Custom: cora-ucc-ie-search,ok(건강검진),439
cpb-nl-en,Custom: cpb-nl-en,ok(건강검진),371
cre-fr-documents,Custom: cre-fr-documents,ok(건강검진),27
csem-ch-en,Custom: csem-ch-en,ok(건강검진),168
csic-es-es,Custom: csic-es-es,ok(건강검진),25
cso-ie-en,Custom: cso-ie-en,ok(건강검진),388
csrc-gov-cn-csrc_en,Custom: csrc-gov-cn-csrc_en,ok(건강검진),9
cstb-fr-communiques-de-press,Custom: cstb-fr-communiques-de-press,ok(건강검진),48
culture-gouv-fr-espace-documentation,Custom: culture-gouv-fr-espace-documentation,ok(건강검진),304
cwf-ca-publications,Custom: cwf-ca-publications,ok(건강검진),228
daejeon-go-kr-drh,Custom: daejeon-go-kr-drh,ok(건강검진),473
dair-dias-ie-cgi,Custom: dair-dias-ie-cgi,ok(건강검진),500
data-aeronomie-be-dataset,Custom: data-aeronomie-be-dataset,ok(건강검진),33
data-biodiversity-be-dataset,Custom: data-biodiversity-be-dataset,ok(건강검진),524
data-busan-go-kr-bdip,Custom: data-busan-go-kr-bdip,ok(건강검진),2022
data-e-gov-go-jp-data,Custom: data-e-gov-go-jp-data,ok(건강검진),1392
data-gouv-fr-organizations,Custom: data-gouv-fr-organizations,ok(건강검진),200
data-gov-au-data,Custom: data-gov-au-data,ok(건강검진),500
data-gov-be-nl,Custom: data-gov-be-nl,정밀검증 확정,132
data-gov-uk-search,Custom: data-gov-uk-search,ok(건강검진),488
data-gv-at-datasets,Custom: data-gv-at-datasets,ok(건강검진),400
data-mfe-govt-nz-documents,Custom: data-mfe-govt-nz-documents,ok(건강검진),21
data-mfe-govt-nz-tables,Custom: data-mfe-govt-nz-tables,ok(건강검진),435
data-nasa-gov-dataset,Custom: data-nasa-gov-dataset,ok(건강검진),4474
data-nist-gov-sdp,Custom: data-nist-gov-sdp,ok(건강검진),50
data-statistik-gv-at-web,Custom: data-statistik-gv-at-web,ok(건강검진),500
data-taltech-ee-search,Custom: data-taltech-ee-search,ok(건강검진),92
datacatalogue-adruk-org-browser,Custom: datacatalogue-adruk-org-browser,ok(건강검진),484
daten-berlin-de-datensaetze,Custom: daten-berlin-de-datensaetze,ok(건강검진),250
datenportal-bmbf-de-portal,Custom: datenportal-bmbf-de-portal,ok(건강검진),75
datos-gob-cl-dataset,Custom: datos-gob-cl-dataset,ok(건강검진),21
datos-gob-mx-agricultura,Custom: datos-gob-mx-agricultura,신규제작(검증됨),85
datos-gob-mx-cultura,Custom: datos-gob-mx-cultura,신규제작(검증됨),114
datos-gob-mx-dataset,Custom: datos-gob-mx-dataset,ok(건강검진),97
datos-gob-mx-presupuesto,Custom: datos-gob-mx-presupuesto,신규제작(검증됨),108
datos-gob-mx-secretaria-salud,Custom: datos-gob-mx-secretaria-salud,신규제작(검증됨),9
datos-gob-mx-secretaria-trabajo,Custom: datos-gob-mx-secretaria-trabajo,신규제작(검증됨),16
datos-gob-mx-seguridad,Custom: datos-gob-mx-seguridad,신규제작(검증됨),27
datos-gob-mx-territorio,Custom: datos-gob-mx-territorio,신규제작(검증됨),16
datos-gob-mx-turismo,Custom: datos-gob-mx-turismo,신규제작(검증됨),4
defence-gov-au-publications,Department of Defence (Australia) — Publications,ok(건강검진),80
defence-govt-nz-publications,Custom: defence-govt-nz-publications,ok(건강검진),431
defensa-gob-es-gabinete,Custom: defensa-gob-es-gabinete,ok(건강검진),421
defense-gouv-fr-salle-de-presse,Custom: defense-gouv-fr-salle-de-presse,ok(건강검진),1980
defense-gov-news,Custom: defense-gov-news,ok(건강검진),546
deltares-nl-en,Custom: deltares-nl-en,ok(건강검진),155
dfat-gov-au-publications,Department of Foreign Affairs and Trade — Publications,ok(건강검진),324
dhs-gov-congressional-approp,Custom: dhs-gov-congressional-approp,ok(건강검진),638
dhs-gov-news-releases,Custom: dhs-gov-news-releases,ok(건강검진),79
dhs-gov-publication,Custom: dhs-gov-publication,ok(건강검진),29
dia-govt-nz-diawebsitensf,Custom: dia-govt-nz-diawebsitensf,ok(건강검진),28
didaktorika-gr-eadd,Custom: didaktorika-gr-eadd,ok(건강검진),118
difesa-it-il-ministro,Custom: difesa-it-il-ministro,ok(건강검진),101
differ-nl-publications,Custom: differ-nl-publications,ok(건강검진),198
digital-gob-es-comunicacion,Custom: digital-gob-es-comunicacion,ok(건강검진),416
diplomatie-gouv-fr-en,Custom: diplomatie-gouv-fr-en,ok(건강검진),551
directives-doe-gov-directives-browse,Custom: directives-doe-gov-directives-browse,ok(건강검진),205
directives-doe-gov-guidance,Custom: directives-doe-gov-guidance,ok(건강검진),260
doaj-org-search,Custom: doaj-org-search,ok(건강검진),1417
doi-gov-bpp,Custom: doi-gov-bpp,ok(건강검진),204
dol-gov-newsroom,Custom: dol-gov-newsroom,ok(건강검진),275
doras-dcu-ie-view,Custom: doras-dcu-ie-view,ok(건강검진),2229
dpmc-govt-nz-publications,Custom: dpmc-govt-nz-publications,ok(건강검진),571
drc-gov-cn-leafaspx,Custom: drc-gov-cn-leafaspx,ok(건강검진),555
drugsandalcohol-ie-cgi,Custom: drugsandalcohol-ie-cgi,ok(건강검진),500
dspace-emu-ee-search,Custom: dspace-emu-ee-search,ok(건강검진),500
dspace-ut-ee-search,Custom: dspace-ut-ee-search,ok(건강검진),125
dst-dk-da,Custom: dst-dk-da,ok(건강검진),408
dtic-dimensions-ai-discover,Custom: dtic-dimensions-ai-discover,ok(건강검진),500
e-stat-go-jp-stat-search,Custom: e-stat-go-jp-stat-search,ok(건강검진),1018
earlham-ac-uk-newsroom,Custom: earlham-ac-uk-newsroom,ok(건강검진),278
earth-prints-org,Custom: earth-prints-org,ok(건강검진),796
ec-lyon-hal-science-search,Custom: ec-lyon-hal-science-search,ok(건강검진),222
ecat-ga-gov-au-geonetwork,Custom: ecat-ga-gov-au-geonetwork,ok(건강검진),796
ecologie-gouv-fr-presse,Custom: ecologie-gouv-fr-presse,ok(건강검진),4049
economie-fgov-be-nl,Custom: economie-fgov-be-nl,ok(건강검진),138
economy-ni-gov-uk-news,Custom: economy-ni-gov-uk-news,ok(건강검진),500
economy-ni-gov-uk-publications,Custom: economy-ni-gov-uk-publications,ok(건강검진),583
ed-gov-about,Custom: ed-gov-about,ok(건강검진),224
eda-admin-ch-eda,Custom: eda-admin-ch-eda,ok(건강검진),12
edi-admin-ch-de,Custom: edi-admin-ch-de,ok(건강검진),360
edoc-rki-de-handle,Custom: edoc-rki-de-handle,ok(건강검진),20
educacionfpydeportes-gob-es-prensahtml,Custom: educacionfpydeportes-gob-es-prensahtml,ok(건강검진),347
education-govt-nz-our-work,Custom: education-govt-nz-our-work,ok(건강검진),34
education-govt-nz-search,Custom: education-govt-nz-search,정밀검증 확정,66
education-ni-gov-uk-news,Custom: education-ni-gov-uk-news,ok(건강검진),503
edx-netl-doe-gov-group,Custom: edx-netl-doe-gov-group,ok(건강검진),100
efd-admin-ch-en,Custom: efd-admin-ch-en,ok(건강검진),500
efk-admin-ch-fr,Custom: efk-admin-ch-fr,ok(건강검진),26
ehesp-fr-espace-presse,Custom: ehesp-fr-espace-presse,정밀검증 확정,127
ehess-hal-science-search,Custom: ehess-hal-science-search,ok(건강검진),429
ejournals-epublishing-ekt-gr-indexphp,Custom: ejournals-epublishing-ekt-gr-indexphp,ok(건강검진),474
elocus-lib-uoc-gr-search,Custom: elocus-lib-uoc-gr-search,ok(건강검진),282
em-dk-aktuelt,Custom: em-dk-aktuelt,ok(건강검진),350
em-lyon-com-en,Custom: em-lyon-com-en,ok(건강검진),348
emep-int-mscw,Custom: emep-int-mscw,ok(건강검진),213
emsl-pnnl-gov-science,Custom: emsl-pnnl-gov-science,ok(건강검진),6
en-ird-fr-sections,Custom: en-ird-fr-sections,ok(건강검진),84
en-moj-gov-cn-lawsandregulationsht,Custom: en-moj-gov-cn-lawsandregulationsht,ok(건강검진),15
en-ndrc-gov-cn-policies,Custom: en-ndrc-gov-cn-policies,정밀검증 확정,52
en-nhc-gov-cn-publicationshtml,Custom: en-nhc-gov-cn-publicationshtml,ok(건강검진),9
en-nim-ac-cn-taxonomy,Custom: en-nim-ac-cn-taxonomy,ok(건강검진),303
enac-hal-science-search,Custom: enac-hal-science-search,ok(건강검진),549
enc-hal-science-search,Custom: enc-hal-science-search,ok(건강검진),509
energy-gov-management,Custom: energy-gov-management,ok(건강검진),388
energy-gov-open-government,Custom: energy-gov-open-government,ok(건강검진),10
energy-gov-search,Custom: energy-gov-search,ok(건강검진),191
eng-mod-gov-cn-2025xb,Custom: eng-mod-gov-cn-2025xb,ok(건강검진),10
english-cnipa-gov-cn-col,Custom: english-cnipa-gov-cn-col,ok(건강검진),353
english-mee-gov-cn-resources,Custom: english-mee-gov-cn-resources,정밀검증 확정,20
english-www-gov-cn-archive,Custom: english-www-gov-cn-archive,ok(건강검진),506
enpc-hal-science-search,Custom: enpc-hal-science-search,ok(건강검진),741
ens-hal-science-search,Custom: ens-hal-science-search,ok(건강검진),18340
ens-lyon-fr-lecole,Custom: ens-lyon-fr-lecole,ok(건강검진),154
ens-lyon-hal-science-search,Custom: ens-lyon-hal-science-search,ok(건강검진),1343
enscp-hal-science-search,Custom: enscp-hal-science-search,ok(건강검진),3517
enssib-hal-science-search,Custom: enssib-hal-science-search,ok(건강검진),12
environment-govt-nz-acts-and-regulations,Custom: environment-govt-nz-acts-and-regulations,ok(건강검진),315
environment-govt-nz-publications,Custom: environment-govt-nz-publications,ok(건강검진),249
environment-govt-nz-what-you-can-do,Custom: environment-govt-nz-what-you-can-do,ok(건강검진),58
envt-hal-science-search,Custom: envt-hal-science-search,ok(건강검진),1063
epa-ie-news-releases,Custom: epa-ie-news-releases,ok(건강검진),120
eprints-imtlucca-it-cgi,Custom: eprints-imtlucca-it-cgi,ok(건강검진),1461
eprints-soton-ac-uk-view,Custom: eprints-soton-ac-uk-view,ok(건강검진),259
espci-hal-science-search,Custom: espci-hal-science-search,ok(건강검진),22
esri-ie-publications,Custom: esri-ie-publications,ok(건강검진),531
esteri-it-it,Custom: esteri-it-it,ok(건강검진),5533
etera-ee-browse,Custom: etera-ee-browse,ok(건강검진),100403
ethz-ch-de,Custom: ethz-ch-de,ok(건강검진),203
etis-ee-portal,Custom: etis-ee-portal,ok(건강검진),138
exteriores-gob-es-en,Custom: exteriores-gob-es-en,ok(건강검진),55
fafo-no-en,Custom: fafo-no-en,ok(건강검진),322
fair-healthdata-be-search,Custom: fair-healthdata-be-search,ok(건강검진),10
federalregister-gov-documents,Custom: federalregister-gov-documents,ok(건강검진),5957
fhi-no-en,Custom: fhi-no-en,ok(건강검진),255
fi-se-en,Custom: fi-se-en,ok(건강검진),122
fibl-org-en,Custom: fibl-org-en,ok(건강검진),539
finance-ni-gov-uk-publications,Custom: finance-ni-gov-uk-publications,ok(건강검진),336
flore-unifi-it,Custom: flore-unifi-it,ok(건강검진),14038
fm-dk-udgivelser,Custom: fm-dk-udgivelser,ok(건강검진),100
fmi-ch-research,Custom: fmi-ch-research,ok(건강검진),818
fmn-dk-da,Custom: fmn-dk-da,ok(건강검진),848
forest-go-kr-kfsweb,Custom: forest-go-kr-kfsweb,ok(건강검진),931
forskningsradet-no-om-forskningsradet,Custom: forskningsradet-no-om-forskningsradet,정밀검증 확정,356
frontiersin-org-articles,Custom: frontiersin-org-articles,ok(건강검진),1230
fss-or-kr-fss,Custom: fss-or-kr-fss,ok(건강검진),500
ftc-go-kr-www,Custom: ftc-go-kr-www,ok(건강검진),694
futureneurocentre-ie-our-research,Custom: futureneurocentre-ie-our-research,ok(건강검진),455
ga-gov-au-data-pubs,Custom: ga-gov-au-data-pubs,ok(건강검진),2243
garda-ie-en,Custom: garda-ie-en,정밀검증 확정,94
gb-go-kr-sub,Custom: gb-go-kr-sub,ok(건강검진),406
gcsp-ch-publications,Custom: gcsp-ch-publications,ok(건강검진),176
genome-gov-about-nhgri,Custom: genome-gov-about-nhgri,ok(건강검진),42
genomecanada-ca-about,Custom: genomecanada-ca-about,정밀검증 확정,50
geoportal-statistics-gov-uk-search,Custom: geoportal-statistics-gov-uk-search,ok(건강검진),346
gi-re-kr-home,Custom: gi-re-kr-home,ok(건강검진),452
gichd-org-publications-resourc,Custom: gichd-org-publications-resourc,ok(건강검진),266
github-com-orgs,Custom: github-com-orgs,ok(건강검진),91
gnews-gg-go-kr-briefing,Custom: gnews-gg-go-kr-briefing,ok(건강검진),500
gnewsonline-it-category,Custom: gnewsonline-it-category,ok(건강검진),343
go-griffith-ie-browse,Custom: go-griffith-ie-browse,ok(건강검진),1111
gob-mx-agricultura,gob.mx Archivo de Prensa — Agriculture,신규제작(검증됨),729
gob-mx-bienestar,gob.mx Archivo de Prensa — Welfare,신규제작(검증됨),729
gob-mx-buengobierno,gob.mx Archivo de Prensa — Good governance,신규제작(검증됨),771
gob-mx-defensa,gob.mx Archivo de Prensa — Defense,신규제작(검증됨),756
gob-mx-mujeres,gob.mx Archivo de Prensa — Women,신규제작(검증됨),270
gob-mx-salud,gob.mx Archivo de Prensa — Health,신규제작(검증됨),765
gob-mx-se,gob.mx Archivo de Prensa — Economy,신규제작(검증됨),762
gob-mx-sectur,gob.mx Archivo de Prensa — Tourism,신규제작(검증됨),765
gob-mx-sedatu,gob.mx Archivo de Prensa — Territorial development,신규제작(검증됨),756
gob-mx-segob,gob.mx Archivo de Prensa — Interior,신규제작(검증됨),747
gob-mx-semar,gob.mx Archivo de Prensa — Navy,신규제작(검증됨),783
gob-mx-semarnat,gob.mx Archivo de Prensa — Environment and Natural Resources,신규제작(검증됨),774
gob-mx-sep,gob.mx Archivo de Prensa — Public Education,신규제작(검증됨),774
gob-mx-shcp,gob.mx Archivo de Prensa — Finance and Public Credit,신규제작(검증됨),762
gob-mx-sict,gob.mx Archivo de Prensa — Communications and Transportation,신규제작(검증됨),747
gob-mx-sre,gob.mx Archivo de Prensa — Foreign Affairs,신규제작(검증됨),774
gob-mx-sspc,gob.mx Archivo de Prensa — Security and Citizen Protection,신규제작(검증됨),773
gob-mx-stps,gob.mx Archivo de Prensa — Labor and Social Security,신규제작(검증됨),748
gov-gr-search,Custom: gov-gr-search,ok(건강검진),489
gov-ie-en,Custom: gov-ie-en,ok(건강검진),780
gov-il-collectors,gov.il — Israeli Ministry News & Publications,ok(건강검진),708
gov-scot-publications,Custom: gov-scot-publications,ok(건강검진),1024
gov-scot-statistics-and-resea,Custom: gov-scot-statistics-and-resea,ok(건강검진),353
gov-uk-search,Custom: gov-uk-search,ok(건강검진),862
gov-wales-publications,Custom: gov-wales-publications,ok(건강검진),155
government-se-publications,Government Offices of Sweden — Publications,ok(건강검진),465
graduateinstitute-ch-library,Custom: graduateinstitute-ch-library,ok(건강검진),398
gri-re-kr-web,Custom: gri-re-kr-web,ok(건강검진),516
gwangju-go-kr-boardlistdo,Custom: gwangju-go-kr-boardlistdo,ok(건강검진),500
gyeongnam-go-kr-board,Custom: gyeongnam-go-kr-board,ok(건강검진),190
hal-science-afd,Custom: hal-science-afd,ok(건강검진),59
hal-science-ign-ensg,Custom: hal-science-ign-ensg,ok(건강검진),3288
harcresearch-org-news,Custom: harcresearch-org-news,ok(건강검진),240
harcresearch-org-research,Custom: harcresearch-org-research,ok(건강검진),41
hatvp-fr-actualites-et-public,Custom: hatvp-fr-actualites-et-public,ok(건강검진),57
hautconseilclimat-fr-ressources-pedagogiq,Custom: hautconseilclimat-fr-ressources-pedagogiq,ok(건강검진),234
hcsp-fr-explorecgi,Custom: hcsp-fr-explorecgi,ok(건강검진),37
hea-ie-resources,Custom: hea-ie-resources,정밀검증 확정,221
health-gov-au-publications,"Department of Health, Disability and Ageing — Publications",ok(건강검진),749
health-govt-nz-publications,Ministry of Health NZ — Publications,ok(건강검진),306
health-ni-gov-uk-news,Custom: health-ni-gov-uk-news,ok(건강검진),137
health-ni-gov-uk-publications,Custom: health-ni-gov-uk-publications,ok(건강검진),503
hec-edu-en,Custom: hec-edu-en,ok(건강검진),16
hec-hal-science-search,Custom: hec-hal-science-search,ok(건강검진),313
helios-eie-gr-helios,Custom: helios-eie-gr-helios,ok(건강검진),500
hfml-felix-nl-en,Custom: hfml-felix-nl-en,ok(건강검진),62
hhs-gov-guidance,Custom: hhs-gov-guidance,ok(건강검진),267
hi-no-en,Custom: hi-no-en,ok(건강검진),119
home-cern-news,Custom: home-cern-news,ok(건강검진),809
home-treasury-gov-about,Custom: home-treasury-gov-about,ok(건강검진),12
homeaffairs-gov-au-sitesearch,Custom: homeaffairs-gov-au-sitesearch,ok(건강검진),1308
hrb-ie-publications,Custom: hrb-ie-publications,ok(건강검진),187
hrbopenresearch-org,HRB Open Research,ok(건강검진),437
hud-govt-nz-documents,Custom: hud-govt-nz-documents,ok(건강검진),148
hud-govt-nz-stats-and-insights,Custom: hud-govt-nz-stats-and-insights,ok(건강검진),1334
humanrights-go-kr-base,Custom: humanrights-go-kr-base,ok(건강검진),450
icn-artem-com-en,Custom: icn-artem-com-en,ok(건강검진),6
icn-hal-science-search,Custom: icn-hal-science-search,ok(건강검진),133
icp-fr-a-propos-de-licp,Custom: icp-fr-a-propos-de-licp,ok(건강검진),99
icp-hal-science-search,Custom: icp-hal-science-search,ok(건강검진),220
idiap-ch-en,Custom: idiap-ch-en,ok(건강검진),125
ifau-se-forskning,Custom: ifau-se-forskning,ok(건강검진),101
ifau-se-press,Custom: ifau-se-press,ok(건강검진),215
ifpenergiesnouvelles-fr-tags,Custom: ifpenergiesnouvelles-fr-tags,ok(건강검진),150
ifr-pan-edu-pl-dzialalnosc-naukowa,Custom: ifr-pan-edu-pl-dzialalnosc-naukowa,ok(건강검진),232
ifremer-fr-fr,Custom: ifremer-fr-fr,ok(건강검진),286
ign-fr-espace-presse,Custom: ign-fr-espace-presse,ok(건강검진),67
igualdad-gob-es-comunicacion,Custom: igualdad-gob-es-comunicacion,ok(건강검진),216
iheid-swisscovery-ch-discovery,Custom: iheid-swisscovery-ch-discovery,ok(건강검진),523
ii-re-kr-base,Custom: ii-re-kr-base,ok(건강검진),287
iisd-org-press,Custom: iisd-org-press,ok(건강검진),342
illustro-iadt-figshare-com-search,Custom: illustro-iadt-figshare-com-search,ok(건강검진),92
imt-nord-europe-hal-science-search,Custom: imt-nord-europe-hal-science-search,ok(건강검진),61
incheon-go-kr-ic010205,Custom: incheon-go-kr-ic010205,ok(건강검진),1328
indicators-be-nl,Custom: indicators-be-nl,ok(건강검진),84
ineris-fr-fr,Custom: ineris-fr-fr,정밀검증 확정,141
ineris-hal-science-search,Custom: ineris-hal-science-search,ok(건강검진),2234
info-korail-com-info,Custom: info-korail-com-info,ok(건강검진),565
infrastructure-ni-gov-uk-news,Custom: infrastructure-ni-gov-uk-news,ok(건강검진),420
inrae-fr-actualites,Custom: inrae-fr-actualites,ok(건강검진),830
inria-fr-fr,Custom: inria-fr-fr,ok(건강검진),114
inria-hal-science-search,Custom: inria-hal-science-search,ok(건강검진),1083
insee-fr-fr,Custom: insee-fr-fr,정밀검증 확정,223
inserm-hal-science-search,Custom: inserm-hal-science-search,ok(건강검진),883
insight-centre-org-press-releases,Custom: insight-centre-org-press-releases,ok(건강검진),54
international-andra-fr-documents-and-visual,Custom: international-andra-fr-documents-and-visual,ok(건강검진),34
international-canada-ca-en,Custom: international-canada-ca-en,ok(건강검진),14
international-gc-ca-transparency-transpa,Custom: international-gc-ca-transparency-transpa,ok(건강검진),22
ir-arcnl-nl,Custom: ir-arcnl-nl,ok(건강검진),452
ir-cwi-nl,Custom: ir-cwi-nl,ok(건강검진),592
ir-lib-uth-gr-xmlui,Custom: ir-lib-uth-gr-xmlui,ok(건강검진),843
irb-usi-ch-publications,Custom: irb-usi-ch-publications,ok(건강검진),558
ird-hal-science-search,Custom: ird-hal-science-search,ok(건강검진),1144
iris-unitn-it,Custom: iris-unitn-it,ok(건강검진),10521
irpp-org-about-the-irpp,Custom: irpp-org-about-the-irpp,ok(건강검진),25
irpp-org-media,Custom: irpp-org-media,ok(건강검진),487
irsn-fr-actualites,Custom: irsn-fr-actualites,ok(건강검진),274
isae-ensma-hal-science-search,Custom: isae-ensma-hal-science-search,ok(건강검진),14
issibern-ch-outreach,Custom: issibern-ch-outreach,ok(건강검진),157
issibern-ch-results,Custom: issibern-ch-results,ok(건강검진),495
issnationallab-org-about,Custom: issnationallab-org-about,ok(건강검진),82
issnationallab-org-press-releases,Custom: issnationallab-org-press-releases,ok(건강검진),561
issnationallab-org-publications,Custom: issnationallab-org-publications,ok(건강검진),205
issnationallab-org-research-and-science,Custom: issnationallab-org-research-and-science,ok(건강검진),12
iucn-org-about-iucn,Custom: iucn-org-about-iucn,ok(건강검진),19
iucn-org-press-releases,Custom: iucn-org-press-releases,ok(건강검진),68
iucn-org-resources,Custom: iucn-org-resources,ok(건강검진),6
ivo-se-sok,Custom: ivo-se-sok,ok(건강검진),134
jeju-go-kr-news,Custom: jeju-go-kr-news,ok(건강검진),1087
jgi-doe-gov-user-science,Custom: jgi-doe-gov-user-science,ok(건강검진),682
jic-ac-uk-news-events,Custom: jic-ac-uk-news-events,ok(건강검진),1138
jsearch-mwr-gov-cn-irs-c-web,Custom: jsearch-mwr-gov-cn-irs-c-web,ok(건강검진),2499
julkaisut-valtioneuvosto-fi-search,Custom: julkaisut-valtioneuvosto-fi-search,ok(건강검진),293
justice-gouv-fr-documentation,Custom: justice-gouv-fr-documentation,ok(건강검진),167
justice-gov-news,Custom: justice-gov-news,ok(건강검진),741
justice-ni-gov-uk-publications,Custom: justice-ni-gov-uk-publications,ok(건강검진),228
justitsministeriet-dk-forskning,Custom: justitsministeriet-dk-forskning,ok(건강검진),24
justitsministeriet-dk-pressemeddelelse,Custom: justitsministeriet-dk-pressemeddelelse,ok(건강검진),346
juventudeinfancia-gob-es-es,Custom: juventudeinfancia-gob-es-es,ok(건강검진),306
kamco-or-kr-portal,Custom: kamco-or-kr-portal,ok(건강검진),19
kammarkollegiet-se-aktuellt,Custom: kammarkollegiet-se-aktuellt,ok(건강검진),46
kasa-go-kr-bbs,Custom: kasa-go-kr-bbs,ok(건강검진),331
kb-se-om-oss,Custom: kb-se-om-oss,ok(건강검진),80
kcg-go-kr-kcg,Custom: kcg-go-kr-kcg,ok(건강검진),624
kdca-go-kr-kdca,Custom: kdca-go-kr-kdca,ok(건강검진),846
kedi-re-kr-khome,Custom: kedi-re-kr-khome,ok(건강검진),519
keei-re-kr-boardes,Custom: keei-re-kr-boardes,ok(건강검진),452
kefm-dk-aftaler,Custom: kefm-dk-aftaler,ok(건강검진),101
kei-re-kr-eliblistes,Custom: kei-re-kr-eliblistes,ok(건강검진),364
keis-or-kr-keis,Custom: keis-or-kr-keis,ok(건강검진),22
kepco-co-kr-home,Custom: kepco-co-kr-home,ok(건강검진),400
kfss-forest-go-kr-stat,Custom: kfss-forest-go-kr-stat,ok(건강검진),15
khs-go-kr-cop,Custom: khs-go-kr-cop,ok(건강검진),38
khs-go-kr-newsbbz,Custom: khs-go-kr-newsbbz,ok(건강검진),1249
kicce-re-kr-main,Custom: kicce-re-kr-main,ok(건강검진),368
kice-re-kr-boardcnts,Custom: kice-re-kr-boardcnts,ok(건강검진),500
kicj-re-kr-boardes,Custom: kicj-re-kr-boardes,ok(건강검진),154
kiep-go-kr-galleryes,Custom: kiep-go-kr-galleryes,ok(건강검진),437
kihasa-re-kr-news,Custom: kihasa-re-kr-news,ok(건강검진),615
kihasa-re-kr-publish,Custom: kihasa-re-kr-publish,ok(건강검진),673
kinfa-or-kr-notificationpromotio,Custom: kinfa-or-kr-notificationpromotio,ok(건강검진),732
kinu-or-kr-main,Custom: kinu-or-kr-main,ok(건강검진),432
kipa-re-kr-html,Custom: kipa-re-kr-html,ok(건강검진),8
kipf-re-kr-bbs,Custom: kipf-re-kr-bbs,ok(건강검진),352
kipf-re-kr-kor,Custom: kipf-re-kr-kor,ok(건강검진),601
kipo-go-kr-ko,Custom: kipo-go-kr-ko,ok(건강검진),500
kirj-ee-archive,Custom: kirj-ee-archive,ok(건강검진),3619
kisdi-re-kr-bbs,Custom: kisdi-re-kr-bbs,ok(건강검진),502
kisdi-re-kr-report,Custom: kisdi-re-kr-report,ok(건강검진),501
kit-nl-institute,Custom: kit-nl-institute,ok(건강검진),121
kjonnsforskning-no-nb,Custom: kjonnsforskning-no-nb,ok(건강검진),100
kli-re-kr-kli,Custom: kli-re-kr-kli,ok(건강검진),500
kliimaministeerium-ee-otsing,Custom: kliimaministeerium-ee-otsing,ok(건강검진),10
klimaraadet-dk-da,Custom: klimaraadet-dk-da,ok(건강검진),84
klri-re-kr-kor,Custom: klri-re-kr-kor,ok(건강검진),590
kma-go-kr-kma,Custom: kma-go-kr-kma,ok(건강검진),86
kmcc-go-kr-userdo,Custom: kmcc-go-kr-userdo,ok(건강검진),666
kmi-re-kr-web,Custom: kmi-re-kr-web,ok(건강검진),445
kna-forest-go-kr-kfsweb,Custom: kna-forest-go-kr-kfsweb,ok(건강검진),372
knmi-nl-kennis-en-datacentru,Custom: knmi-nl-kennis-en-datacentru,ok(건강검진),388
knowledge-barnardos-ie-browse,Custom: knowledge-barnardos-ie-browse,ok(건강검진),365
kommunekredit-com-about-us,Custom: kommunekredit-com-about-us,ok(건강검진),24
kommunikasjon-ntb-no-presserom,Custom: kommunikasjon-ntb-no-presserom,ok(건강검진),116
kostat-go-kr-boardes,Custom: kostat-go-kr-boardes,ok(건강검진),100
koti-re-kr-user,Custom: koti-re-kr-user,ok(건강검진),373
krei-re-kr-krei,Custom: krei-re-kr-krei,ok(건강검진),1450
krihs-re-kr-boardes,Custom: krihs-re-kr-boardes,ok(건강검진),600
krihs-re-kr-krihslibraryarticle,Custom: krihs-re-kr-krihslibraryarticle,ok(건강검진),744
krihs-re-kr-krihslibraryreport,Custom: krihs-re-kr-krihslibraryreport,ok(건강검진),168
krivet-re-kr,www.krivet.re.kr,ok(건강검진),1
krivet-re-kr-kor,Custom: krivet-re-kr-kor,ok(건강검진),500
kwdi-re-kr-plaza,Custom: kwdi-re-kr-plaza,ok(건강검진),819
kwdi-re-kr-publications,Custom: kwdi-re-kr-publications,ok(건강검진),500
lavoro-gov-it-stampa-e-media,Custom: lavoro-gov-it-stampa-e-media,ok(건강검진),340
lecese-fr-espace-presse,Custom: lecese-fr-espace-presse,ok(건강검진),500
lenus-ie-browse,Custom: lenus-ie-browse,ok(건강검진),168
lib-cssn-cn-zy,Custom: lib-cssn-cn-zy,ok(건강검진),204
library-kwrwater-nl-en,Custom: library-kwrwater-nl-en,ok(건강검진),51
libreria-educacion-gob-es-p,Custom: libreria-educacion-gob-es-p,ok(건강검진),330
llnl-gov-news,Custom: llnl-gov-news,ok(건강검진),3537
lne-fr-fr,Custom: lne-fr-fr,ok(건강검진),40
mafra-go-kr-home,Custom: mafra-go-kr-home,ok(건강검진),761
marine-ie-site-area,Custom: marine-ie-site-area,ok(건강검진),24
masaf-gov-it-flex,Custom: masaf-gov-it-flex,ok(건강검진),601
mbie-govt-nz-building-and-energy,Custom: mbie-govt-nz-building-and-energy,ok(건강검진),80
mef-gov-it-ufficio-stampa,Custom: mef-gov-it-ufficio-stampa,ok(건강검진),204
mem-gov-cn-fw,Custom: mem-gov-cn-fw,ok(건강검진),62
mentalhealthcommission-ca-resources,Custom: mentalhealthcommission-ca-resources,ok(건강검진),589
meri-belspo-be-site,Custom: meri-belspo-be-site,ok(건강검진),21
met-no-publikasjoner,Custom: met-no-publikasjoner,정밀검증 확정,116
meteofrance-fr-actualite,Custom: meteofrance-fr-actualite,ok(건강검진),94
meteoswiss-admin-ch-services-and-publica,Custom: meteoswiss-admin-ch-services-and-publica,ok(건강검진),440
mfat-govt-nz-en,Custom: mfat-govt-nz-en,ok(건강검진),11
mfds-go-kr-brd,Custom: mfds-go-kr-brd,ok(건강검진),461
mi-se-arkiv,Custom: mi-se-arkiv,ok(건강검진),632
migration-gov-gr-press,Custom: migration-gov-gr-press,ok(건강검진),1618
miit-gov-cn-zc,Custom: miit-gov-cn-zc,ok(건강검진),104
miit-gov-cn-zwgk,Custom: miit-gov-cn-zwgk,ok(건강검진),26
mim-gov-it-web,Custom: mim-gov-it-web,ok(건강검진),41
mimit-gov-it-it,Custom: mimit-gov-it-it,ok(건강검진),92
minagric-gr-the-ministry-2,Custom: minagric-gr-the-ministry-2,ok(건강검진),267
mindev-gov-gr-category,Custom: mindev-gov-gr-category,ok(건강검진),3514
mindigital-gr-archives,Custom: mindigital-gr-archives,ok(건강검진),675
minedu-gov-gr-grafeio-typoy-kai-di,Custom: minedu-gov-gr-grafeio-typoy-kai-di,ok(건강검진),404
ministeroturismo-gov-it-category,Custom: ministeroturismo-gov-it-category,ok(건강검진),1014
ministryofjustice-gr,Custom: ministryofjustice-gr,ok(건강검진),261
minrel-gob-cl-minrel,Custom: minrel-gob-cl-minrel,ok(건강검진),4547
mintour-gov-gr-deltia-typoy,Custom: mintour-gov-gr-deltia-typoy,ok(건강검진),394
miteco-gob-es-es,Custom: miteco-gob-es-es,ok(건강검진),379
mivau-gob-es-el-ministerio,Custom: mivau-gob-es-el-ministerio,ok(건강검진),473
mma-go-kr-board,Custom: mma-go-kr-board,ok(건강검진),616
mod-mil-gr-category,Custom: mod-mil-gr-category,ok(건강검진),470
moe-go-kr-boardcnts,Custom: moe-go-kr-boardcnts,ok(건강검진),1250
moe-gov-cn-jyb_sjzl,Custom: moe-gov-cn-jyb_sjzl,ok(건강검진),28
moe-gov-cn-jyb_xwfb,Custom: moe-gov-cn-jyb_xwfb,ok(건강검진),418
moe-gov-cn-jyb_xxgk,Custom: moe-gov-cn-jyb_xxgk,ok(건강검진),18
moef-go-kr-nw,Custom: moef-go-kr-nw,ok(건강검진),683
mof-go-kr-doc,Custom: mof-go-kr-doc,ok(건강검진),624
mof-gov-cn-en,Custom: mof-gov-cn-en,ok(건강검진),9
mofa-go-kr-www,Custom: mofa-go-kr-www,ok(건강검진),521
mofe-go-kr-id,Custom: mofe-go-kr-id,ok(건강검진),133
mogef-go-kr-nw,Custom: mogef-go-kr-nw,ok(건강검진),852
moh-gov-gr-articles,Custom: moh-gov-gr-articles,ok(건강검진),5608
mohrss-gov-cn-xxgk2020,Custom: mohrss-gov-cn-xxgk2020,ok(건강검진),19
mohw-go-kr-boardes,Custom: mohw-go-kr-boardes,ok(건강검진),920
mois-go-kr-frt,Custom: mois-go-kr-frt,ok(건강검진),1148
moj-go-kr-moj,Custom: moj-go-kr-moj,ok(건강검진),793
moleg-go-kr-boardes,Custom: moleg-go-kr-boardes,ok(건강검진),256
molit-go-kr-usr,Custom: molit-go-kr-usr,ok(건강검진),390
motir-go-kr-kor,Custom: motir-go-kr-kor,ok(건강검진),703
mpi-govt-nz-about-mpi,Custom: mpi-govt-nz-about-mpi,ok(건강검진),14
mpva-go-kr-mpva,Custom: mpva-go-kr-mpva,ok(건강검진),590
msd-govt-nz-about-msd-and-our-wo,Custom: msd-govt-nz-about-msd-and-our-wo,ok(건강검진),16
msit-go-kr-bbs,Custom: msit-go-kr-bbs,ok(건강검진),488
mss-go-kr-site,Custom: mss-go-kr-site,ok(건강검진),500
mva-gov-cn-gongkai,Custom: mva-gov-cn-gongkai,ok(건강검진),15
mwr-gov-cn-english,Custom: mwr-gov-cn-english,ok(건강검진),37
mwr-gov-cn-zwgk,Custom: mwr-gov-cn-zwgk,ok(건강검진),18
naacc-go-kr-web,Custom: naacc-go-kr-web,ok(건강검진),334
nasa-gov-2025-news-releases,Custom: nasa-gov-2025-news-releases,ok(건강검진),236
nationalacademies-org-publications,Custom: nationalacademies-org-publications,ok(건강검진),184
naturalengland-defra-opendata-arcgis-com-search,Custom: naturalengland-defra-opendata-arcgis-com-search,ok(건강검진),167
nbb-be-en,Custom: nbb-be-en,ok(건강검진),15
ncats-nih-gov-news-events,Custom: ncats-nih-gov-news-events,ok(건강검진),19
nccih-nih-gov-news,Custom: nccih-nih-gov-news,ok(건강검진),57
ncha-gov-cn-col,Custom: ncha-gov-cn-col,ok(건강검진),117
ncri-ie-en,Custom: ncri-ie-en,ok(건강검진),104
neac-gov-cn-seac,Custom: neac-gov-cn-seac,ok(건강검진),57
nei-nih-gov-about,Custom: nei-nih-gov-about,ok(건강검진),14
nei-nih-gov-learn-about-eye-heal,Custom: nei-nih-gov-learn-about-eye-heal,ok(건강검진),88
nemertes-library-upatras-gr-browse,Custom: nemertes-library-upatras-gr-browse,ok(건강검진),127
nemertes-library-upatras-gr-search,Custom: nemertes-library-upatras-gr-search,ok(건강검진),500
nersc-no-en,Custom: nersc-no-en,ok(건강검진),349
nesc-ie-publications,Custom: nesc-ie-publications,ok(건강검진),121
netl-doe-gov-advsearch,Custom: netl-doe-gov-advsearch,정밀검증 확정,28
netl-doe-gov-energy-analysis,Custom: netl-doe-gov-energy-analysis,ok(건강검진),97
netl-doe-gov-fecm-external-r-and-,Custom: netl-doe-gov-fecm-external-r-and-,ok(건강검진),343
netl-doe-gov-search-r-d-publicati,Custom: netl-doe-gov-search-r-d-publicati,ok(건강검진),729
news-admin-ch-en,Custom: news-admin-ch-en,ok(건강검진),0
news-fnal-gov-category,Custom: news-fnal-gov-category,ok(건강검진),374
newsreleases-sandia-gov-archives-by-year,Custom: newsreleases-sandia-gov-archives-by-year,ok(건강검진),2044
nfa-go-kr-nfa,Custom: nfa-go-kr-nfa,ok(건강검진),112
nfra-gov-cn-cn,Custom: nfra-gov-cn-cn,ok(건강검진),726
nhc-gov-cn-wjw,Custom: nhc-gov-cn-wjw,ok(건강검진),71
nhlbi-nih-gov-about,Custom: nhlbi-nih-gov-about,ok(건강검진),22
nhlbi-nih-gov-resources,Custom: nhlbi-nih-gov-resources,ok(건강검진),325
nhmrc-gov-au-publications,National Health and Medical Research Council — Publications,ok(건강검진),232
nia-nih-gov-news,Custom: nia-nih-gov-news,ok(건강검진),95
niaaa-nih-gov-news-events,Custom: niaaa-nih-gov-news-events,ok(건강검진),80
niams-nih-gov-newsroom,Custom: niams-nih-gov-newsroom,ok(건강검진),15
nibib-nih-gov-news-events,Custom: nibib-nih-gov-news-events,ok(건강검진),39
nibio-no-en,Custom: nibio-no-en,ok(건강검진),219
nichd-nih-gov-newsroom,Custom: nichd-nih-gov-newsroom,ok(건강검진),329
nida-nih-gov-news-events,Custom: nida-nih-gov-news-events,ok(건강검진),46
nida-nih-gov-research-topics,Custom: nida-nih-gov-research-topics,ok(건강검진),29
nidcd-nih-gov-order,Custom: nidcd-nih-gov-order,ok(건강검진),90
nidcr-nih-gov-news-events,Custom: nidcr-nih-gov-news-events,ok(건강검진),87
niddk-nih-gov-news,Custom: niddk-nih-gov-news,ok(건강검진),124
nidi-nl-en,Custom: nidi-nl-en,ok(건강검진),285
niehs-nih-gov-newsreleases,Custom: niehs-nih-gov-newsreleases,ok(건강검진),40
nifu-no-en,Custom: nifu-no-en,ok(건강검진),363
nigms-nih-gov-news,Custom: nigms-nih-gov-news,ok(건강검진),21
nikhef-nl-pub,Custom: nikhef-nl-pub,ok(건강검진),26
nim-ac-cn-taxonomy,Custom: nim-ac-cn-taxonomy,ok(건강검진),34
nimh-nih-gov-news,Custom: nimh-nih-gov-news,ok(건강검진),492
nimhd-nih-gov-news-events,Custom: nimhd-nih-gov-news-events,ok(건강검진),13
nin-nl-publications,Custom: nin-nl-publications,ok(건강검진),471
nina-no-english,Custom: nina-no-english,ok(건강검진),36
ninds-nih-gov-news-events,Custom: ninds-nih-gov-news-events,ok(건강검진),253
ninds-nih-gov-publications,Custom: ninds-nih-gov-publications,ok(건강검진),71
nioo-knaw-nl-en,Custom: nioo-knaw-nl-en,ok(건강검진),75
nisra-gov-uk-publications,Custom: nisra-gov-uk-publications,ok(건강검진),522
nist-gov-publications,Custom: nist-gov-publications,ok(건강검진),478
nistdigitalarchives-contentdm-oclc-org-digital,Custom: nistdigitalarchives-contentdm-oclc-org-digital,ok(건강검진),788
nivel-nl-en,Custom: nivel-nl-en,ok(건강검진),520
nkvts-no-english,Custom: nkvts-no-english,정밀검증 확정,562
nnsa-mee-gov-cn-english,Custom: nnsa-mee-gov-cn-english,ok(건강검진),10
noc-ac-uk-about-us,Custom: noc-ac-uk-about-us,정밀검증 확정,7
noc-ac-uk-publications,Custom: noc-ac-uk-publications,ok(건강검진),234
nofima-com-publication,Custom: nofima-com-publication,ok(건강검진),200
nora-nerc-ac-uk-view,Custom: nora-nerc-ac-uk-view,ok(건강검진),596
nordlandsforskning-no-en,Custom: nordlandsforskning-no-en,ok(건강검진),304
nps-or-kr-inforls,Custom: nps-or-kr-inforls,ok(건강검진),115
nps-or-kr-pnsgdnc,Custom: nps-or-kr-pnsgdnc,ok(건강검진),182
nrc-re-kr-boardes,Custom: nrc-re-kr-boardes,ok(건강검진),470
nrscotland-gov-uk-publications,Custom: nrscotland-gov-uk-publications,ok(건강검진),359
ntp-niehs-nih-gov-publications,Custom: ntp-niehs-nih-gov-publications,ok(건강검진),536
ntrs-nasa-gov-search,Custom: ntrs-nasa-gov-search,ok(건강검진),6490
nts-go-kr-nts,Custom: nts-go-kr-nts,ok(건강검진),42
nupi-no-en,Custom: nupi-no-en,ok(건강검진),28
nypi-re-kr,www.nypi.re.kr,ok(건강검진),3
nypi-re-kr-board,Custom: nypi-re-kr-board,ok(건강검진),150
nzpri-aut-ac-nz-document-library,Custom: nzpri-aut-ac-nz-document-library,ok(건강검진),7
oig-treasury-gov-other-reports-testim,Custom: oig-treasury-gov-other-reports-testim,ok(건강검진),1353
oka-go-kr-web,Custom: oka-go-kr-web,ok(건강검진),30
onera-fr-fr,Custom: onera-fr-fr,ok(건강검진),145
ons-gov-uk-search,Custom: ons-gov-uk-search,ok(건강검진),516
open-science-canada-ca-communities,Custom: open-science-canada-ca-communities,ok(건강검진),272
openaccess-inaf-it,Custom: openaccess-inaf-it,ok(건강검진),513
openaire-eu-os-slovenia,Custom: openaire-eu-os-slovenia,ok(건강검진),28
opendata-centralbank-ie-dataset,Custom: opendata-centralbank-ie-dataset,ok(건강검진),38
opendata-dk-search,Custom: opendata-dk-search,ok(건강검진),70
opengov-seoul-go-kr-research,Custom: opengov-seoul-go-kr-research,ok(건강검진),344
openresearch-repository-anu-edu-au-search,Custom: openresearch-repository-anu-edu-au-search,ok(건강검진),261
openscience-si-naprednoiskanjeaspx,Custom: openscience-si-naprednoiskanjeaspx,ok(건강검진),30
opm-go-kr-opm,Custom: opm-go-kr-opm,ok(건강검진),660
osr-statisticsauthority-gov-uk-publications-list,Custom: osr-statisticsauthority-gov-uk-publications-list,ok(건강검진),257
ostrnrcan-dostrncan-canada-ca-search,Custom: ostrnrcan-dostrncan-canada-ca-search,ok(건강검진),220
ots-at-pressemappe,Custom: ots-at-pressemappe,ok(건강검진),500
par-nsf-gov-search,Custom: par-nsf-gov-search,ok(건강검진),2481
pasteur-fr-en,Custom: pasteur-fr-en,ok(건강검진),314
pbc-gov-cn-en,Custom: pbc-gov-cn-en,ok(건강검진),224
pbl-nl-en,Custom: pbl-nl-en,ok(건강검진),649
pbocri-org-cn-lnzy3html,Custom: pbocri-org-cn-lnzy3html,정밀검증 확정,8
pbocri-org-cn-xslwhtml,Custom: pbocri-org-cn-xslwhtml,ok(건강검진),2
pembina-org-media-releases,Custom: pembina-org-media-releases,ok(건강검진),494
pergamos-lib-uoa-gr-search,Custom: pergamos-lib-uoa-gr-search,ok(건강검진),500
phfscience-nz-digital-library,Custom: phfscience-nz-digital-library,정밀검증 확정,501
phfscience-nz-news-publications,Custom: phfscience-nz-news-publications,ok(건강검진),32
plan-be-nl,Custom: plan-be-nl,ok(건강검진),152
pleanala-ie-en-ie,Custom: pleanala-ie-en-ie,ok(건강검진),54
pnnl-gov-news,Custom: pnnl-gov-news,ok(건강검진),322
police-go-kr-user,Custom: police-go-kr-user,ok(건강검진),747
policyalternatives-ca-news-research,Custom: policyalternatives-ca-news-research,ok(건강검진),1543
politie-be-statistieken,Custom: politie-be-statistieken,ok(건강검진),95
polytechnique-edu-presse,Custom: polytechnique-edu-presse,ok(건강검진),226
polytechnique-hal-science-search,Custom: polytechnique-hal-science-search,ok(건강검진),3103
portaldiplomatico-mne-gov-pt-en,Custom: portaldiplomatico-mne-gov-pt-en,ok(건강검진),378
ppforum-ca-press-releases,Custom: ppforum-ca-press-releases,ok(건강검진),42
pps-go-kr-kor,Custom: pps-go-kr-kor,ok(건강검진),290
presse-cnam-fr-communiques,Custom: presse-cnam-fr-communiques,ok(건강검진),36
presse-curie-fr-section,Custom: presse-curie-fr-section,ok(건강검진),300
presse-economie-gouv-fr,Custom: presse-economie-gouv-fr,ok(건강검진),1206
prism-go-kr-homepage,Custom: prism-go-kr-homepage,ok(건강검진),2900
provenienzforschung-gv-at-empfehlungen-des-bei,Custom: provenienzforschung-gv-at-empfehlungen-des-bei,정밀검증 확정,425
psi-ch-en,Custom: psi-ch-en,ok(건강검진),405
ptb-de-cms,Custom: ptb-de-cms,ok(건강검진),8
publications-idiap-ch-publications,Custom: publications-idiap-ch-publications,ok(건강검진),231
publichealthscotland-scot-publications,Custom: publichealthscotland-scot-publications,ok(건강검진),373
publicsafety-gc-ca-cnt,Custom: publicsafety-gc-ca-cnt,ok(건강검진),424
publicservice-govt-nz-data,Custom: publicservice-govt-nz-data,ok(건강검진),61
publicservice-govt-nz-research-and-data,Custom: publicservice-govt-nz-research-and-data,ok(건강검진),110
publikationen-bundesregierung-de-pp-de,Custom: publikationen-bundesregierung-de-pp-de,ok(건강검진),112
pubs-drdc-rddc-gc-ca-basis,Custom: pubs-drdc-rddc-gc-ca-basis,ok(건강검진),4040
pubs-usgs-gov,pubs.usgs.gov,ok(건강검진),10
pubshop-bmbwf-gv-at-indexphp,Custom: pubshop-bmbwf-gv-at-indexphp,ok(건강검진),479
pure-mpg-de-search,Custom: pure-mpg-de-search,ok(건강검진),75
rcaanc-cirnac-gc-ca-eng,Custom: rcaanc-cirnac-gc-ca-eng,ok(건강검진),33
rda-go-kr-board,Custom: rda-go-kr-board,ok(건강검진),1020
rdr-kuleuven-be-dataverse,Custom: rdr-kuleuven-be-dataverse,ok(건강검진),418
reglementation-controle-asnr-fr-information,Custom: reglementation-controle-asnr-fr-information,ok(건강검진),6
regulation-govt-nz-about-us,Custom: regulation-govt-nz-about-us,ok(건강검진),247
repo-lib-duth-gr-jspui,Custom: repo-lib-duth-gr-jspui,ok(건강검진),7156
reports-nlr-nl-collections,Custom: reports-nlr-nl-collections,ok(건강검진),18
repositorio-uchile-cl-discover,Custom: repositorio-uchile-cl-discover,정밀검증 확정,500
repository-cern-search,Custom: repository-cern-search,ok(건강검진),500
repository-lboro-ac-uk,Custom: repository-lboro-ac-uk,ok(건강검진),128
repository-library-noaa-gov-view,Custom: repository-library-noaa-gov-view,ok(건강검진),812
repository-naturalis-nl,Custom: repository-naturalis-nl,ok(건강검진),9681
repository-tno-nl-doclist,Custom: repository-tno-nl-doclist,ok(건강검진),10508
research-collection-ethz-ch-search,Custom: research-collection-ethz-ch-search,ok(건강검진),459
research-imt-nord-europe-fr-news,Custom: research-imt-nord-europe-fr-news,ok(건강검진),56
research-thea-ie-browse,Custom: research-thea-ie-browse,ok(건강검진),449
researchrepository-ul-ie-search,Custom: researchrepository-ul-ie-search,ok(건강검진),400
reseau-canope-fr-espace-presse,Custom: reseau-canope-fr-espace-presse,ok(건강검진),19
rfi-ac-uk-latest,Custom: rfi-ac-uk-latest,ok(건강검진),142
rigsrevisionen-dk-revisionssager,Custom: rigsrevisionen-dk-revisionssager,ok(건강검진),590
rijksoverheid-nl-documenten,Custom: rijksoverheid-nl-documenten,ok(건강검진),274
ris-bka-gv-at-ergebniswxe,Custom: ris-bka-gv-at-ergebniswxe,ok(건강검진),507
rki-de-de,Custom: rki-de-de,ok(건강검진),66
rosap-ntl-bts-gov-cbrowse,Custom: rosap-ntl-bts-gov-cbrowse,ok(건강검진),562
ruomoplus-lib-uom-gr-simple-search,Custom: ruomoplus-lib-uom-gr-simple-search,ok(건강검진),500
saemangeum-go-kr-sda,Custom: saemangeum-go-kr-sda,ok(건강검진),428
safefood-net-news,Custom: safefood-net-news,ok(건강검진),31
salute-gov-it-new,Custom: salute-gov-it-new,ok(건강검진),202
samr-gov-cn-zw,Custom: samr-gov-cn-zw,ok(건강검진),315
sandia-gov-news,Custom: sandia-gov-news,ok(건강검진),101
sante-gouv-fr-ministere,Custom: sante-gouv-fr-ministere,ok(건강검진),145
santepubliquefrance-fr-presse,Custom: santepubliquefrance-fr-presse,ok(건강검진),624
sastind-gov-cn-n10086200,Custom: sastind-gov-cn-n10086200,ok(건강검진),474
scaht-org-en,Custom: scaht-org-en,ok(건강검진),641
science-astron-nl-science-astron,Custom: science-astron-nl-science-astron,ok(건강검진),117
science-libraries-canada-ca-eng,Custom: science-libraries-canada-ca-eng,ok(건강검진),31
scourt-go-kr-portal,Custom: scourt-go-kr-portal,ok(건강검진),982
scp-nl-publicaties,Custom: scp-nl-publicaties,ok(건강검진),243
search-nal-usda-gov-discovery,Custom: search-nal-usda-gov-discovery,ok(건강검진),452
search-open-canada-ca-opendata,Custom: search-open-canada-ca-opendata,ok(건강검진),5287
search-worldcat-org-ko,Custom: search-worldcat-org-ko,ok(건강검진),14
secihti-mx-sala-de-prensa,Custom: secihti-mx-sala-de-prensa,ok(건강검진),218
seco-admin-ch-seco,Custom: seco-admin-ch-seco,ok(건강검진),479
seer-cancer-gov-report_to_nation,Custom: seer-cancer-gov-report_to_nation,ok(건강검진),24
sejong-go-kr-bbs,Custom: sejong-go-kr-bbs,ok(건강검진),500
sfi-ch-en,Custom: sfi-ch-en,ok(건강검진),288
sgu-se-en,Custom: sgu-se-en,ok(건강검진),54
si-re-kr-bbs,Custom: si-re-kr-bbs,ok(건강검진),501
sib-swiss-community,Custom: sib-swiss-community,ok(건강검진),391
sib-swiss-training,Custom: sib-swiss-training,ok(건강검진),74
simula-no-publications,Custom: simula-no-publications,ok(건강검진),73
sintef-no-en,Custom: sintef-no-en,ok(건강검진),141
siseministeerium-ee-otsing,Custom: siseministeerium-ee-otsing,ok(건강검진),20
skillsdevelopmentscotland-co-uk-publications-statist,Custom: skillsdevelopmentscotland-co-uk-publications-statist,ok(건강검진),488
skm-dk-aktuelt,Custom: skm-dk-aktuelt,ok(건강검진),457
sm-dk-publikationer,Custom: sm-dk-publikationer,ok(건강검진),354
sm-ee-otsing,Custom: sm-ee-otsing,ok(건강검진),158
socialstyrelsen-se-en,Custom: socialstyrelsen-se-en,정밀검증 확정,127
sodha-be-dataverse,Custom: sodha-be-dataverse,ok(건강검진),152
sonar-ch-global,Custom: sonar-ch-global,ok(건강검진),5462
sozialministerium-gv-at-services,Custom: sozialministerium-gv-at-services,ok(건강검진),206
spo-go-kr-site,Custom: spo-go-kr-site,ok(건강검진),227
srnl-gov-newsroom,Custom: srnl-gov-newsroom,ok(건강검진),88
stami-no-en,Custom: stami-no-en,ok(건강검진),337
stat-inst-se-om-sis,Custom: stat-inst-se-om-sis,정밀검증 확정,69
state-gov-department-reports,Custom: state-gov-department-reports,ok(건강검진),10
state-gov-press-releases,Custom: state-gov-press-releases,ok(건강검진),30
state-gwd-go-kr-portal,Custom: state-gwd-go-kr-portal,ok(건강검진),614
statistischebibliothek-de-mir,Custom: statistischebibliothek-de-mir,ok(건강검진),384
stats-govt-nz-indicators,Custom: stats-govt-nz-indicators,ok(건강검진),109
stepi-re-kr-site,Custom: stepi-re-kr-site,ok(건강검진),570
swisspeace-ch-publications,Custom: swisspeace-ch-publications,ok(건강검진),304
swisspolar-ch-expeditions,Custom: swisspolar-ch-expeditions,ok(건강검진),94
swisstph-ch-en,Custom: swisstph-ch-en,ok(건강검진),1087
telemarksforsking-no-publikasjoner,Custom: telemarksforsking-no-publikasjoner,ok(건강검진),280
tigta-gov-reports,Custom: tigta-gov-reports,정밀검증 확정,133
toi-no-publications,Custom: toi-no-publications,ok(건강검진),470
transformation-gouv-fr-espace-presse,Custom: transformation-gouv-fr-espace-presse,정밀검증 확정,211
transparency-gov-au-publications,Custom: transparency-gov-au-publications,정밀검증 확정,2694
transport-govt-nz-documents-and-public,Custom: transport-govt-nz-documents-and-public,정밀검증 확정,3
transportation-gov-newsroom,Custom: transportation-gov-newsroom,ok(건강검진),205
transportes-gob-es-el-ministerio,Custom: transportes-gob-es-el-ministerio,ok(건강검진),288
treasury-gov-au-publication,Custom: treasury-gov-au-publication,ok(건강검진),651
treasury-govt-nz-publications,The Treasury New Zealand — Publications,ok(건강검진),245
trm-dk-nyheder,Custom: trm-dk-nyheder,ok(건강검진),404
ufm-dk-publikationer,Custom: ufm-dk-publikationer,ok(건강검진),44
ukdataservice-ac-uk-2026,Custom: ukdataservice-ac-uk-2026,ok(건강검진),549
ulsan-go-kr-u,Custom: ulsan-go-kr-u,ok(건강검진),58
um-dk-om-os,Custom: um-dk-om-os,ok(건강검진),24
ungeneva-org-en,Custom: ungeneva-org-en,ok(건강검진),93
unidata-gv-at-pages,Custom: unidata-gv-at-pages,ok(건강검진),404
unikorea-go-kr-web,Custom: unikorea-go-kr-web,ok(건강검진),47
usgs-gov-news,Custom: usgs-gov-news,ok(건강검진),1549
ustat-mur-gov-it,Custom: ustat-mur-gov-it,ok(건강검진),92
uvek-admin-ch-en,Custom: uvek-admin-ch-en,ok(건강검진),501
va-gov-vetdata,Custom: va-gov-vetdata,ok(건강검진),114
vbs-admin-ch-en,Custom: vbs-admin-ch-en,ok(건강검진),111
vlaanderen-be-nieuwsberichten,Custom: vlaanderen-be-nieuwsberichten,ok(건강검진),26
vtg-admin-ch-en,Custom: vtg-admin-ch-en,ok(건강검진),18
wallonie-be-fr,Custom: wallonie-be-fr,ok(건강검진),121
waltoninstitute-ie-research,Custom: waltoninstitute-ie-research,ok(건강검진),566
wbf-admin-ch-en,Custom: wbf-admin-ch-en,ok(건강검진),500
wef-infor-cl-indexphp,Custom: wef-infor-cl-indexphp,ok(건강검진),448
werk-belgie-be-nl,Custom: werk-belgie-be-nl,ok(건강검진),316
who-int-publications,Custom: who-int-publications,ok(건강검진),511
wodc-nl-documenten,Custom: wodc-nl-documenten,ok(건강검진),2
women-govt-nz-library,Custom: women-govt-nz-library,ok(건강검진),14
wti-org-research,Custom: wti-org-research,ok(건강검진),303
www2-mrc-lmb-cam-ac-uk-research,Custom: www2-mrc-lmb-cam-ac-uk-research,ok(건강검진),47
www6-slac-stanford-edu-news-and-events,Custom: www6-slac-stanford-edu-news-and-events,ok(건강검진),267
xxgk-mot-gov-cn-2020,Custom: xxgk-mot-gov-cn-2020,ok(건강검진),456
yme-gr-2013-01-31-06-37-23,Custom: yme-gr-2013-01-31-06-37-23,ok(건강검진),3380
ypen-gov-gr-category,Custom: ypen-gov-gr-category,ok(건강검진),454
ypes-gr-category,Custom: ypes-gr-category,ok(건강검진),987
